CGAGAGTTATCGTACG,1,high,plate1
GACATAGTATCGTACG,2,low,plate1
ACGCTACTATCGTACG,3,high,plate1
ACTCACTGATCGTACG,4,high,plate1
TGAGTACGATCGTACG,5,high,plate1
CTGCGTAGATCGTACG,6,high,plate1
TAGTCTCCATCGTACG,7,high,plate1
CGAGCGACATCGTACG,8,high,plate1
ACTACGACATCGTACG,9,high,plate1
GTCTGCTAATCGTACG,10,high,plate1
GTCTATGAATCGTACG,11,low,plate1
TATAGCGAATCGTACG,12,low,plate1
CGAGAGTTACTATCTG,13,low,plate1
GACATAGTACTATCTG,14,low,plate1
ACGCTACTACTATCTG,15,low,plate1
ACTCACTGACTATCTG,16,low,plate1
TGAGTACGACTATCTG,17,low,plate1
CTGCGTAGACTATCTG,18,low,plate1
TAGTCTCCACTATCTG,19,low,plate1
CGAGCGACACTATCTG,20,low,plate1
ACTACGACACTATCTG,21,low,plate1
GTCTGCTAACTATCTG,22,low,plate1
GTCTATGAACTATCTG,23,low,plate1
TATAGCGAACTATCTG,24,low,plate1
CGAGAGTTTAGCGAGT,25,high,plate1
GACATAGTTAGCGAGT,26,high,plate1
ACGCTACTTAGCGAGT,27,high,plate1
ACTCACTGTAGCGAGT,28,high,plate1
TGAGTACGTAGCGAGT,29,high,plate1
CTGCGTAGTAGCGAGT,30,high,plate1
TAGTCTCCTAGCGAGT,31,high,plate1
CGAGCGACTAGCGAGT,32,high,plate1
ACTACGACTAGCGAGT,33,high,plate1
GTCTGCTATAGCGAGT,34,low,plate1
GTCTATGATAGCGAGT,35,low,plate1
TATAGCGATAGCGAGT,36,low,plate1
CGAGAGTTCTGCGTGT,37,low,plate1
GACATAGTCTGCGTGT,38,low,plate1
ACGCTACTCTGCGTGT,39,low,plate1
ACTCACTGCTGCGTGT,40,low,plate1
TGAGTACGCTGCGTGT,41,low,plate1
CTGCGTAGCTGCGTGT,42,low,plate1
TAGTCTCCCTGCGTGT,43,low,plate1
CGAGCGACCTGCGTGT,44,low,plate1
ACTACGACCTGCGTGT,45,low,plate1
GTCTGCTACTGCGTGT,46,low,plate1
GTCTATGACTGCGTGT,47,low,plate1
TATAGCGACTGCGTGT,48,low,plate1
CGAGAGTTTCATCGAG,49,high,plate1
GACATAGTTCATCGAG,50,high,plate1
ACGCTACTTCATCGAG,51,high,plate1
ACTCACTGTCATCGAG,52,high,plate1
TGAGTACGTCATCGAG,TW16001,high,plate1
CTGCGTAGTCATCGAG,TW16002,high,plate1
TAGTCTCCTCATCGAG,TW16003,high,plate1
CGAGCGACTCATCGAG,TW16004,high,plate1
ACTACGACTCATCGAG,TW16005,high,plate1
GTCTGCTATCATCGAG,TW16006,high,plate1
GTCTATGATCATCGAG,TW16007,high,plate1
TATAGCGATCATCGAG,TW16008,high,plate1
CGAGAGTTCGTGAGTG,TW16009,high,plate1
GACATAGTCGTGAGTG,TW16010,high,plate1
ACGCTACTCGTGAGTG,TW16011,high,plate1
ACTCACTGCGTGAGTG,TW16012,high,plate1
TGAGTACGCGTGAGTG,TW16013,high,plate1
CTGCGTAGCGTGAGTG,TW16014,high,plate1
TAGTCTCCCGTGAGTG,TW16015,high,plate1
CGAGCGACCGTGAGTG,TW16016,high,plate1
ACTACGACCGTGAGTG,TW16017,high,plate1
GTCTGCTACGTGAGTG,TW16018,high,plate1
GTCTATGACGTGAGTG,TW16019,high,plate1
TATAGCGACGTGAGTG,TW16020,high,plate1
CGAGAGTTGGATATCT,TW16021,low,plate1
GACATAGTGGATATCT,TW16022,low,plate1
ACGCTACTGGATATCT,TW16023,low,plate1
ACTCACTGGGATATCT,TW16024,low,plate1
TGAGTACGGGATATCT,TW16025,low,plate1
CTGCGTAGGGATATCT,TW16026,low,plate1
TAGTCTCCGGATATCT,TW16027,high,plate1
CGAGCGACGGATATCT,TW16028,high,plate1
ACTACGACGGATATCT,TW16029,high,plate1
GTCTGCTAGGATATCT,TW16030,high,plate1
GTCTATGAGGATATCT,TW16031,high,plate1
TATAGCGAGGATATCT,TW16032,NA,plate1
CGAGAGTTGACACCGT,TW16033,high,plate1
GACATAGTGACACCGT,TW16034,high,plate1
ACGCTACTGACACCGT,TW16035,high,plate1
ACTCACTGGACACCGT,TW16036,high,plate1
TGAGTACGGACACCGT,TW16037,high,plate1
CTGCGTAGGACACCGT,TW16038,high,plate1
TAGTCTCCGACACCGT,TW16039,high,plate1
CGAGCGACGACACCGT,TW16040,high,plate1
ACTACGACGACACCGT,TW16041,high,plate1
GTCTGCTAGACACCGT,NTC1,low,plate1
GTCTATGAGACACCGT,posC1,high,plate1
TATAGCGAGACACCGT,mock1,NA,plate1
CTCGACTTCTACTATA,TW16042,high,plate2
CGAAGTATCTACTATA,TW16043,low,plate2
TAGCAGCTCTACTATA,TW16044,high,plate2
TCTCTATGCTACTATA,TW16045,high,plate2
GATCTACGCTACTATA,TW16046,high,plate2
GTAACGAGCTACTATA,TW16047,low,plate2
ACGTGCGCCTACTATA,TW16048,high,plate2
ATAGTACCCTACTATA,TW16049,high,plate2
GCGTATACCTACTATA,TW16050,high,plate2
TGCTCGTACTACTATA,TW16051,low,plate2
AACGCTGACTACTATA,TW16052,high,plate2
CGTAGCGACTACTATA,TW16053,high,plate2
CTCGACTTCGTTACTA,TW16054,high,plate2
CGAAGTATCGTTACTA,TW16055,high,plate2
TAGCAGCTCGTTACTA,TW16056,high,plate2
TCTCTATGCGTTACTA,TW16057,low,plate2
GATCTACGCGTTACTA,TW16058,low,plate2
GTAACGAGCGTTACTA,TW16059,high,plate2
ACGTGCGCCGTTACTA,TW16060,high,plate2
ATAGTACCCGTTACTA,TW16061,low,plate2
GCGTATACCGTTACTA,TW16062,high,plate2
TGCTCGTACGTTACTA,TW16063,high,plate2
AACGCTGACGTTACTA,TW16064,high,plate2
CGTAGCGACGTTACTA,TW16065,high,plate2
CTCGACTTAGAGTCAC,TW16066,high,plate2
CGAAGTATAGAGTCAC,TW16067,high,plate2
TAGCAGCTAGAGTCAC,TW16068,low,plate2
TCTCTATGAGAGTCAC,TW16069,high,plate2
GATCTACGAGAGTCAC,TW16070,high,plate2
GTAACGAGAGAGTCAC,TW16071,high,plate2
ACGTGCGCAGAGTCAC,TW16072,high,plate2
ATAGTACCAGAGTCAC,TW16073,high,plate2
GCGTATACAGAGTCAC,TW16074,high,plate2
TGCTCGTAAGAGTCAC,TW16075,high,plate2
AACGCTGAAGAGTCAC,TW16076,low,plate2
CGTAGCGAAGAGTCAC,TW16077,high,plate2
CTCGACTTTACGAGAC,TW16078,low,plate2
CGAAGTATTACGAGAC,TW16079,low,plate2
TAGCAGCTTACGAGAC,TW16080,high,plate2
TCTCTATGTACGAGAC,TW16081,low,plate2
GATCTACGTACGAGAC,TW16082,low,plate2
GTAACGAGTACGAGAC,TW16083,high,plate2
ACGTGCGCTACGAGAC,TW16084,low,plate2
ATAGTACCTACGAGAC,TW16085,low,plate2
GCGTATACTACGAGAC,TW16086,low,plate2
TGCTCGTATACGAGAC,TW16087,high,plate2
AACGCTGATACGAGAC,TW16088,low,plate2
CGTAGCGATACGAGAC,TW16089,high,plate2
CTCGACTTACGTCTCG,TW16090,low,plate2
CGAAGTATACGTCTCG,TW16091,high,plate2
TAGCAGCTACGTCTCG,TW16092,high,plate2
TCTCTATGACGTCTCG,TW16093,high,plate2
GATCTACGACGTCTCG,TW16094,high,plate2
GTAACGAGACGTCTCG,TW16095,low,plate2
ACGTGCGCACGTCTCG,TW16096,low,plate2
ATAGTACCACGTCTCG,TW16097,low,plate2
GCGTATACACGTCTCG,TW16098,low,plate2
TGCTCGTAACGTCTCG,TW16099,high,plate2
AACGCTGAACGTCTCG,TW16100,high,plate2
CGTAGCGAACGTCTCG,TW16101,high,plate2
CTCGACTTTCGACGAG,TW16102,low,plate2
CGAAGTATTCGACGAG,TW16103,high,plate2
TAGCAGCTTCGACGAG,TW16104,high,plate2
TCTCTATGTCGACGAG,TW16105,high,plate2
GATCTACGTCGACGAG,TW16106,high,plate2
GTAACGAGTCGACGAG,TW16107,high,plate2
ACGTGCGCTCGACGAG,TW16108,high,plate2
ATAGTACCTCGACGAG,TW16109,high,plate2
GCGTATACTCGACGAG,TW16110,high,plate2
TGCTCGTATCGACGAG,TW16111,low,plate2
AACGCTGATCGACGAG,TW16112,low,plate2
CGTAGCGATCGACGAG,TW16113,high,plate2
CTCGACTTGATCGTGT,TW16114,low,plate2
CGAAGTATGATCGTGT,TW16115,high,plate2
TAGCAGCTGATCGTGT,TW16116,high,plate2
TCTCTATGGATCGTGT,TW16117,low,plate2
GATCTACGGATCGTGT,TW16118,low,plate2
GTAACGAGGATCGTGT,TW16119,high,plate2
ACGTGCGCGATCGTGT,TW16120,high,plate2
ATAGTACCGATCGTGT,TW16121,high,plate2
GCGTATACGATCGTGT,TW16122,low,plate2
TGCTCGTAGATCGTGT,TW16123,high,plate2
AACGCTGAGATCGTGT,TW16124,high,plate2
CGTAGCGAGATCGTGT,TW16125,low,plate2
CTCGACTTGTCAGATA,TW16126,low,plate2
CGAAGTATGTCAGATA,TW16127,low,plate2
TAGCAGCTGTCAGATA,TW16128,high,plate2
TCTCTATGGTCAGATA,TW16129,low,plate2
GATCTACGGTCAGATA,TW16130,high,plate2
GTAACGAGGTCAGATA,TW16131,high,plate2
ACGTGCGCGTCAGATA,TW16132,high,plate2
ATAGTACCGTCAGATA,TW16133,low,plate2
GCGTATACGTCAGATA,TW16134,low,plate2
TGCTCGTAGTCAGATA,NTC2,low,plate2
AACGCTGAGTCAGATA,posC2,high,plate2
CGTAGCGAGTCAGATA,mock2,high,plate2
CAGTAGGTACGACGTG,TW16135,high,plate3
ATAGCGCTACGACGTG,TW16136,high,plate3
TCTAGACTACGACGTG,TW16137,low,plate3
TCCTCATGACGACGTG,TW16138,high,plate3
CGAGCTAGACGACGTG,TW16139,high,plate3
CTCTAGAGACGACGTG,TW16140,low,plate3
ATGAGCTCACGACGTG,TW16141,low,plate3
AGCATACCACGACGTG,TW16142,high,plate3
CGTCATACACGACGTG,TW16143,high,plate3
TCAGTCTAACGACGTG,TW16144,low,plate3
CATCGTGAACGACGTG,TW16145,low,plate3
GAGCTCGAACGACGTG,TW16146,low,plate3
CAGTAGGTATATACAC,TW16147,high,plate3
ATAGCGCTATATACAC,TW16148,low,plate3
TCTAGACTATATACAC,TW16149,high,plate3
TCCTCATGATATACAC,TW16150,low,plate3
CGAGCTAGATATACAC,TW16151,high,plate3
CTCTAGAGATATACAC,TW16152,high,plate3
ATGAGCTCATATACAC,TW16153,high,plate3
AGCATACCATATACAC,TW16154,low,plate3
CGTCATACATATACAC,TW16155,high,plate3
TCAGTCTAATATACAC,TW16156,high,plate3
CATCGTGAATATACAC,TW16157,high,plate3
GAGCTCGAATATACAC,TW16158,high,plate3
CAGTAGGTCGTCGCTA,TW16159,low,plate3
ATAGCGCTCGTCGCTA,TW16160,low,plate3
TCTAGACTCGTCGCTA,TW16161,low,plate3
TCCTCATGCGTCGCTA,TW16162,high,plate3
CGAGCTAGCGTCGCTA,TW16163,high,plate3
CTCTAGAGCGTCGCTA,TW16164,low,plate3
ATGAGCTCCGTCGCTA,TW16165,high,plate3
AGCATACCCGTCGCTA,TW16166,high,plate3
CGTCATACCGTCGCTA,TW16167,low,plate3
TCAGTCTACGTCGCTA,TW16168,low,plate3
CATCGTGACGTCGCTA,TW16169,high,plate3
GAGCTCGACGTCGCTA,TW16170,high,plate3
CAGTAGGTCTAGAGCT,TW16171,low,plate3
ATAGCGCTCTAGAGCT,TW16172,high,plate3
TCTAGACTCTAGAGCT,TW16173,low,plate3
TCCTCATGCTAGAGCT,TW16174,high,plate3
CGAGCTAGCTAGAGCT,TW16175,low,plate3
CTCTAGAGCTAGAGCT,TW16176,low,plate3
ATGAGCTCCTAGAGCT,TW16177,low,plate3
AGCATACCCTAGAGCT,TW16178,low,plate3
CGTCATACCTAGAGCT,TW16179,low,plate3
TCAGTCTACTAGAGCT,TW16180,low,plate3
CATCGTGACTAGAGCT,TW16181,high,plate3
GAGCTCGACTAGAGCT,TW16182,low,plate3
CAGTAGGTGCTCTAGT,TW16183,low,plate3
ATAGCGCTGCTCTAGT,TW16184,high,plate3
TCTAGACTGCTCTAGT,TW16185,high,plate3
TCCTCATGGCTCTAGT,TW16186,low,plate3
CGAGCTAGGCTCTAGT,TW16187,high,plate3
CTCTAGAGGCTCTAGT,TW16188,high,plate3
ATGAGCTCGCTCTAGT,TW16189,high,plate3
AGCATACCGCTCTAGT,TW16190,high,plate3
CGTCATACGCTCTAGT,TW16191,high,plate3
TCAGTCTAGCTCTAGT,TW16192,low,plate3
CATCGTGAGCTCTAGT,TW16193,high,plate3
GAGCTCGAGCTCTAGT,TW16194,high,plate3
CAGTAGGTGACACTGA,TW16195,high,plate3
ATAGCGCTGACACTGA,TW16196,high,plate3
TCTAGACTGACACTGA,TW16197,high,plate3
TCCTCATGGACACTGA,TW16198,high,plate3
CGAGCTAGGACACTGA,TW16199,high,plate3
CTCTAGAGGACACTGA,TW16200,high,plate3
ATGAGCTCGACACTGA,TW16201,low,plate3
AGCATACCGACACTGA,TW16202,high,plate3
CGTCATACGACACTGA,TW16203,high,plate3
TCAGTCTAGACACTGA,TW16204,low,plate3
CATCGTGAGACACTGA,TW16205,high,plate3
GAGCTCGAGACACTGA,TW16206,low,plate3
CAGTAGGTTGCGTACG,TW16207,low,plate3
ATAGCGCTTGCGTACG,TW16208,low,plate3
TCTAGACTTGCGTACG,TW16209,low,plate3
TCCTCATGTGCGTACG,TW16210,low,plate3
CGAGCTAGTGCGTACG,TW16211,low,plate3
CTCTAGAGTGCGTACG,TW16212,low,plate3
ATGAGCTCTGCGTACG,TW16213,low,plate3
AGCATACCTGCGTACG,TW16214,low,plate3
CGTCATACTGCGTACG,TW16215,low,plate3
TCAGTCTATGCGTACG,TW16216,low,plate3
CATCGTGATGCGTACG,TW16050c,low,plate3
GAGCTCGATGCGTACG,TW16164c,low,plate3
CAGTAGGTTAGTGTAG,TW16206c,high,plate3
ATAGCGCTTAGTGTAG,TW16282c,high,plate3
TCTAGACTTAGTGTAG,TW16285c,high,plate3
TCCTCATGTAGTGTAG,TW16289c,high,plate3
CGAGCTAGTAGTGTAG,TW16292c,high,plate3
CTCTAGAGTAGTGTAG,TW16294c,high,plate3
ATGAGCTCTAGTGTAG,TW16295c,high,plate3
AGCATACCTAGTGTAG,TW16495c,high,plate3
CGTCATACTAGTGTAG,TW16519c,high,plate3
TCAGTCTATAGTGTAG,NTC3,low,plate3
CATCGTGATAGTGTAG,posC3,high,plate3
GAGCTCGATAGTGTAG,mock3,high,plate3
TACTAGGTAAGCAGCA,TW16217,low,plate4
ACGTACGTAAGCAGCA,TW16218,low,plate4
CGCGATATAAGCAGCA,TW16219,low,plate4
CTATCGTGAAGCAGCA,TW16220,high,plate4
GCGATACGAAGCAGCA,TW16221,high,plate4
AGTCGCAGAAGCAGCA,TW16222,low,plate4
GTTACAGCAAGCAGCA,TW16223,low,plate4
TAACGTCCAAGCAGCA,TW16224,high,plate4
CTACGACCAAGCAGCA,TW16225,low,plate4
GAGACTTAAAGCAGCA,TW16226,low,plate4
ACTGTGTAAAGCAGCA,TW16227,low,plate4
TGCGTCAAAAGCAGCA,TW16228,low,plate4
TACTAGGTACGCGTGA,TW16229,low,plate4
ACGTACGTACGCGTGA,TW16230,low,plate4
CGCGATATACGCGTGA,TW16231,high,plate4
CTATCGTGACGCGTGA,TW16232,low,plate4
GCGATACGACGCGTGA,TW16233,low,plate4
AGTCGCAGACGCGTGA,TW16234,low,plate4
GTTACAGCACGCGTGA,TW16235,low,plate4
TAACGTCCACGCGTGA,TW16236,high,plate4
CTACGACCACGCGTGA,TW16237,low,plate4
GAGACTTAACGCGTGA,TW16238,low,plate4
ACTGTGTAACGCGTGA,TW16239,low,plate4
TGCGTCAAACGCGTGA,TW16240,low,plate4
TACTAGGTCGATCTAC,TW16241,low,plate4
ACGTACGTCGATCTAC,TW16242,low,plate4
CGCGATATCGATCTAC,TW16243,low,plate4
CTATCGTGCGATCTAC,TW16244,low,plate4
GCGATACGCGATCTAC,TW16245,low,plate4
AGTCGCAGCGATCTAC,TW16246,low,plate4
GTTACAGCCGATCTAC,TW16247,low,plate4
TAACGTCCCGATCTAC,TW16248,high,plate4
CTACGACCCGATCTAC,TW16249,low,plate4
GAGACTTACGATCTAC,TW16250,low,plate4
ACTGTGTACGATCTAC,TW16251,low,plate4
TGCGTCAACGATCTAC,TW16252,high,plate4
TACTAGGTTGCGTCAC,TW16253,low,plate4
ACGTACGTTGCGTCAC,TW16254,low,plate4
CGCGATATTGCGTCAC,TW16255,low,plate4
CTATCGTGTGCGTCAC,TW16256,low,plate4
GCGATACGTGCGTCAC,TW16257,high,plate4
AGTCGCAGTGCGTCAC,TW16258,low,plate4
GTTACAGCTGCGTCAC,TW16259,low,plate4
TAACGTCCTGCGTCAC,TW16260,low,plate4
CTACGACCTGCGTCAC,TW16261,low,plate4
GAGACTTATGCGTCAC,TW16262,low,plate4
ACTGTGTATGCGTCAC,TW16263,low,plate4
TGCGTCAATGCGTCAC,TW16264,low,plate4
TACTAGGTGTCTAGTG,TW16265,low,plate4
ACGTACGTGTCTAGTG,TW16266,low,plate4
CGCGATATGTCTAGTG,TW16267,low,plate4
CTATCGTGGTCTAGTG,TW16268,low,plate4
GCGATACGGTCTAGTG,TW16269,low,plate4
AGTCGCAGGTCTAGTG,TW16270,low,plate4
GTTACAGCGTCTAGTG,TW16271,low,plate4
TAACGTCCGTCTAGTG,TW16272,low,plate4
CTACGACCGTCTAGTG,TW16273,low,plate4
GAGACTTAGTCTAGTG,TW16274,low,plate4
ACTGTGTAGTCTAGTG,TW16275,low,plate4
TGCGTCAAGTCTAGTG,TW16276,high,plate4
TACTAGGTCTAGTATG,TW16277,low,plate4
ACGTACGTCTAGTATG,TW16278,low,plate4
CGCGATATCTAGTATG,TW16279,low,plate4
CTATCGTGCTAGTATG,TW16280,low,plate4
GCGATACGCTAGTATG,TW16281,low,plate4
AGTCGCAGCTAGTATG,TW16282,low,plate4
GTTACAGCCTAGTATG,TW16283,low,plate4
TAACGTCCCTAGTATG,TW16284,low,plate4
CTACGACCCTAGTATG,TW16285,low,plate4
GAGACTTACTAGTATG,TW16286,low,plate4
ACTGTGTACTAGTATG,TW16287,low,plate4
TGCGTCAACTAGTATG,TW16288,low,plate4
TACTAGGTGATAGCGT,TW16289,low,plate4
ACGTACGTGATAGCGT,TW16290,low,plate4
CGCGATATGATAGCGT,TW16291,high,plate4
CTATCGTGGATAGCGT,TW16292,low,plate4
GCGATACGGATAGCGT,TW16293,low,plate4
AGTCGCAGGATAGCGT,TW16294,low,plate4
GTTACAGCGATAGCGT,TW16295,low,plate4
TAACGTCCGATAGCGT,TW16296,low,plate4
CTACGACCGATAGCGT,TW16297,low,plate4
GAGACTTAGATAGCGT,TW16298,low,plate4
ACTGTGTAGATAGCGT,TW16299,low,plate4
TGCGTCAAGATAGCGT,TW16300,low,plate4
TACTAGGTTCTACACT,TW16301,low,plate4
ACGTACGTTCTACACT,TW16302,low,plate4
CGCGATATTCTACACT,TW16303,low,plate4
CTATCGTGTCTACACT,TW16304,low,plate4
GCGATACGTCTACACT,TW16305,low,plate4
AGTCGCAGTCTACACT,TW16306,low,plate4
GTTACAGCTCTACACT,TW16307a,low,plate4
TAACGTCCTCTACACT,TW16307b,low,plate4
CTACGACCTCTACACT,TW16308,low,plate4
GAGACTTATCTACACT,NTC4,low,plate4
ACTGTGTATCTACACT,posC4,high,plate4
TGCGTCAATCTACACT,mock4,high,plate4
