miseq_id,Date,ID,Site_code,Species,Amphibian_type,Age ,Lifestage,Sex,Habitat_type,Notes,qPCR,wild_captive,Sample_type,Latitude,Longitude,Altitude_ft,Altitude_m
TW16001,09/04/2016,TW16_001,JFE Mountain,Babina adenopleura,anuran,tadpoles (OW),tadpole,,Pond,,0.921,wild,swab,23.9581,120.8506,2247,685
TW16002,09/04/2016,TW16_002,JFE Mountain,Babina adenopleura,anuran,tadpoles (OW),tadpole,,Pond,,0,wild,swab,23.9581,120.8506,2247,685
TW16003,09/04/2016,TW16_003,JFE Mountain,Babina adenopleura,anuran,tadpoles (OW),tadpole,,Pond,,0,wild,swab,23.9581,120.8506,2247,685
TW16004,09/04/2016,TW16_004,JFE Mountain,Babina adenopleura,anuran,tadpoles (OW),tadpole,,Pond,,0,wild,swab,23.9581,120.8506,2247,685
TW16005,09/04/2016,TW16_005,JFE Mountain,Babina adenopleura,anuran,tadpoles (OW),tadpole,,Pond,,0,wild,swab,23.9581,120.8506,2247,685
TW16006,09/04/2016,TW16_006,JFE Mountain,Babina adenopleura,anuran,tadpoles (OW),tadpole,,Pond,,0,wild,swab,23.9581,120.8506,2247,685
TW16007,09/04/2016,TW16_007,JFE Mountain,Babina adenopleura,anuran,tadpoles (OW),tadpole,,Pond,,0,wild,swab,23.9581,120.8506,2247,685
TW16008,09/04/2016,TW16_008,JFE Mountain,Babina adenopleura,anuran,tadpoles (OW),tadpole,,Pond,,0,wild,swab,23.9581,120.8506,2247,685
TW16009,09/04/2016,TW16_009,JFE Mountain,Babina adenopleura,anuran,tadpoles (OW),tadpole,,Pond,,0,wild,swab,23.9581,120.8506,2247,685
TW16010,09/04/2016,TW16_010,JFE Mountain,Babina adenopleura,anuran,tadpoles (OW),tadpole,,Pond,,0,wild,swab,23.9581,120.8506,2247,685
TW16011,09/04/2016,TW16_011,JFE Mountain,Babina adenopleura,anuran,tadpoles (OW),tadpole,,Pond,,0,wild,swab,23.9581,120.8506,2247,685
TW16012,09/04/2016,TW16_012,JFE Mountain,Babina adenopleura,anuran,tadpoles (OW),tadpole,,Pond,,0,wild,swab,23.9581,120.8506,2247,685
TW16013,09/04/2016,TW16_013,JFE Mountain,Babina adenopleura,anuran,tadpoles (OW),tadpole,,Pond,,0,wild,swab,23.9581,120.8506,2247,685
TW16014,09/04/2016,TW16_014,JFE Mountain,Babina adenopleura,anuran,tadpoles (OW),tadpole,,Pond,,0.631,wild,swab,23.9581,120.8506,2247,685
TW16015,09/04/2016,TW16_015,JFE Mountain,Babina adenopleura,anuran,tadpoles (OW),tadpole,,Pond,,0,wild,swab,23.9581,120.8506,2247,685
TW16016,09/04/2016,TW16_016,JFE Mountain,Babina adenopleura,anuran,tadpoles (OW),tadpole,,Pond,,0,wild,swab,23.9581,120.8506,2247,685
TW16017,09/04/2016,TW16_017,JFE Mountain,Babina adenopleura,anuran,tadpoles (OW),tadpole,,Pond,,2.512,wild,swab,23.9581,120.8506,2247,685
TW16018,09/04/2016,TW16_018,JFE Mountain,Babina adenopleura,anuran,tadpoles (OW),tadpole,,Pond,,1.544,wild,swab,23.9581,120.8506,2247,685
TW16019,09/04/2016,TW16_019,JFE Mountain,Babina adenopleura,anuran,tadpoles (OW),tadpole,,Pond,,0,wild,swab,23.9581,120.8506,2247,685
TW16020,09/04/2016,TW16_020,JFE Mountain,Babina adenopleura,anuran,tadpoles (OW),tadpole,,Pond,,0,wild,swab,23.9581,120.8506,2247,685
TW16021,09/04/2016,TW16_021,JFE Mountain,Babina adenopleura,anuran,tadpoles (OW),tadpole,,Pond,,0,wild,swab,23.9581,120.8506,2247,685
TW16022,09/04/2016,TW16_022,JFE Mountain,Babina adenopleura,anuran,tadpoles (OW),tadpole,,Pond,,0,wild,swab,23.9581,120.8506,2247,685
TW16023,09/04/2016,TW16_023,JFE Mountain,Babina adenopleura,anuran,tadpoles (YOY),tadpole,,Pond,,6.053,wild,swab,23.9581,120.8506,2247,685
TW16024,09/04/2016,TW16_024,JFE Mountain,Babina adenopleura,anuran,tadpoles (YOY),tadpole,,Pond,,0,wild,swab,23.9581,120.8506,2247,685
TW16025,09/04/2016,TW16_025,JFE Mountain,Babina adenopleura,anuran,tadpoles (YOY),tadpole,,Pond,,0,wild,swab,23.9581,120.8506,2247,685
TW16026,09/04/2016,TW16_026,JFE Mountain,Babina adenopleura,anuran,tadpoles (YOY),tadpole,,Pond,,0,wild,swab,23.9581,120.8506,2247,685
TW16027,09/04/2016,TW16_027,JFE Mountain,Babina adenopleura,anuran,tadpoles (YOY),tadpole,,Pond,,0.447,wild,swab,23.9581,120.8506,2247,685
TW16028,09/04/2016,TW16_028,JFE Mountain,Babina adenopleura,anuran,tadpoles (YOY),tadpole,,Pond,,2.135,wild,swab,23.9581,120.8506,2247,685
TW16029,09/04/2016,TW16_029,JFE Mountain,Babina adenopleura,anuran,tadpoles (YOY),tadpole,,Pond,,1.134,wild,swab,23.9581,120.8506,2247,685
TW16030,09/04/2016,TW16_030,JFE Mountain,Babina adenopleura,anuran,tadpoles (YOY),tadpole,,Pond,,0,wild,swab,23.9581,120.8506,2247,685
TW16031,09/04/2016,TW16_031,JFE Mountain,Babina adenopleura,anuran,tadpoles (YOY),tadpole,,Pond,,5.253,wild,swab,23.9581,120.8506,2247,685
TW16032,09/04/2016,TW16_032,JFE Mountain,Babina adenopleura,anuran,tadpoles (YOY),tadpole,,Pond,,70.657,wild,swab,23.9581,120.8506,2247,685
TW16033,09/04/2016,TW16_033,JFE Mountain,Babina adenopleura,anuran,tadpoles (YOY),tadpole,,Pond,,0,wild,swab,23.9581,120.8506,2247,685
TW16034,09/04/2016,TW16_034,JFE Mountain,Babina adenopleura,anuran,tadpoles (YOY),tadpole,,Pond,,0,wild,swab,23.9581,120.8506,2247,685
TW16035,09/04/2016,TW16_035,JFE Mountain,Hylarana latouchii,anuran,tadpoles,tadpole,,Pond,,25.315,wild,swab,23.9581,120.8506,2247,685
TW16036,09/04/2016,TW16_036,JFE Mountain,Babina adenopleura,anuran,tadpoles,tadpole,,Pond,,7.129,wild,swab,23.9581,120.8506,2247,685
TW16037,09/04/2016,TW16_037,JFE Mountain,Hylarana latouchii,anuran,tadpoles,tadpole,,Pond,,0,wild,swab,23.9581,120.8506,2247,685
TW16038,09/04/2016,TW16_038,JFE Mountain,Hylarana latouchii,anuran,tadpoles,tadpole,,Pond,,0,wild,swab,23.9581,120.8506,2247,685
TW16039,09/04/2016,TW16_039,JFE Mountain,Hylarana latouchii,anuran,tadpoles,tadpole,,Pond,,16.616,wild,swab,23.9581,120.8506,2247,685
TW16040,09/04/2016,TW16_040,JFE Mountain,Hylarana latouchii,anuran,tadpoles,tadpole,,Pond,,0,wild,swab,23.9581,120.8506,2247,685
TW16041,09/04/2016,TW16_041,JFE Mountain,Hylarana latouchii,anuran,tadpoles,tadpole,,Pond,,0.091,wild,swab,23.9581,120.8506,2247,685
TW16042,09/04/2016,TW16_042,JFE Mountain,Hylarana latouchii,anuran,tadpoles,tadpole,,Pond,,1500,wild,swab,23.9581,120.8506,2247,685
TW16043,09/04/2016,TW16_043,JFE Mountain,Hylarana latouchii,anuran,tadpoles,tadpole,,Pond,,9.448,wild,swab,23.9581,120.8506,2247,685
TW16044,09/04/2016,TW16_044,JFE Mountain,Hylarana latouchii,anuran,tadpoles,tadpole,,Pond,,0,wild,swab,23.9581,120.8506,2247,685
TW16045,09/04/2016,TW16_045,JFE Mountain,Hylarana latouchii,anuran,tadpoles,tadpole,,Pond,,10.42,wild,swab,23.9581,120.8506,2247,685
TW16046,09/04/2016,TW16_046,JFE Mountain,Hylarana latouchii,anuran,tadpoles,tadpole,,Pond,,0,wild,swab,23.9581,120.8506,2247,685
TW16047,09/04/2016,TW16_047,JFE Mountain,Hylarana latouchii,anuran,tadpoles,tadpole,,Pond,,0,wild,swab,23.9581,120.8506,2247,685
TW16048,09/04/2016,TW16_048,JFE Mountain,Hylarana latouchii,anuran,tadpoles,tadpole,,Pond,,0.523,wild,swab,23.9581,120.8506,2247,685
TW16049,09/04/2016,TW16_049,JFE Mountain,Hylarana latouchii,anuran,tadpoles,tadpole,,Pond,,0,wild,swab,23.9581,120.8506,2247,685
TW16050,09/04/2016,TW16_050,JFE Mountain,Hylarana latouchii,anuran,tadpoles,tadpole,,Pond,,0,wild,swab,23.9581,120.8506,2247,685
TW16050c,09/04/2016,TW16_050,JFE Mountain,Hylarana latouchii,anuran,tadpoles,tadpole,,Pond,,0,wild,culture,23.9581,120.8506,2247,685
TW16051,09/04/2016,TW16_051,Lien Hua Pond (TW7),Babina adenopleura,anuran,tadpoles (OW),tadpole,,Pond,,0.802,wild,swab,23.9188,120.8827,2369,722
TW16052,09/04/2016,TW16_052,Lien Hua Pond (TW7),Babina adenopleura,anuran,tadpoles (OW),tadpole,,Pond,,0,wild,swab,23.9188,120.8827,2369,722
TW16053,09/04/2016,TW16_053,Lien Hua Pond (TW7),Babina adenopleura,anuran,tadpoles (OW),tadpole,,Pond,,0,wild,swab,23.9188,120.8827,2369,722
TW16054,09/04/2016,TW16_054,Lien Hua Pond (TW7),Babina adenopleura,anuran,tadpoles (OW),tadpole,,Pond,,0,wild,swab,23.9188,120.8827,2369,722
TW16055,09/04/2016,TW16_055,Lien Hua Pond (TW7),Babina adenopleura,anuran,tadpoles (OW),tadpole,,Pond,,0,wild,swab,23.9188,120.8827,2369,722
TW16056,09/04/2016,TW16_056,Lien Hua Pond (TW7),Babina adenopleura,anuran,tadpoles (OW),tadpole,,Pond,,0,wild,swab,23.9188,120.8827,2369,722
TW16057,09/04/2016,TW16_057,Lien Hua Pond (TW7),Babina adenopleura,anuran,tadpoles (OW),tadpole,,Pond,,0,wild,swab,23.9188,120.8827,2369,722
TW16058,09/04/2016,TW16_058,Lien Hua Pond (TW7),Babina adenopleura,anuran,tadpoles (OW),tadpole,,Pond,,0,wild,swab,23.9188,120.8827,2369,722
TW16059,09/04/2016,TW16_059,Lien Hua Pond (TW7),Babina adenopleura,anuran,tadpoles (OW),tadpole,,Pond,,0,wild,swab,23.9188,120.8827,2369,722
TW16060,09/04/2016,TW16_060,Lien Hua Pond (TW7),Babina adenopleura,anuran,tadpoles (OW),tadpole,,Pond,,0,wild,swab,23.9188,120.8827,2369,722
TW16061,09/04/2016,TW16_061,Lien Hua Pond (TW7),Babina adenopleura,anuran,tadpoles (OW),tadpole,,Pond,,0,wild,swab,23.9188,120.8827,2369,722
TW16062,09/04/2016,TW16_062,Lien Hua Pond (TW7),Babina adenopleura,anuran,tadpoles (OW),tadpole,,Pond,,0,wild,swab,23.9188,120.8827,2369,722
TW16063,09/04/2016,TW16_063,Lien Hua Pond (TW7),Babina adenopleura,anuran,tadpoles (OW),tadpole,,Pond,,0,wild,swab,23.9188,120.8827,2369,722
TW16064,09/04/2016,TW16_064,Lien Hua Pond (TW7),Babina adenopleura,anuran,tadpoles (OW),tadpole,,Pond,,0,wild,swab,23.9188,120.8827,2369,722
TW16065,09/04/2016,TW16_065,Lien Hua Pond (TW7),Babina adenopleura,anuran,tadpoles (OW),tadpole,,Pond,,0,wild,swab,23.9188,120.8827,2369,722
TW16066,09/04/2016,TW16_066,Lien Hua Pond (TW7),Babina adenopleura,anuran,tadpoles (OW),tadpole,,Pond,,0,wild,swab,23.9188,120.8827,2369,722
TW16067,09/04/2016,TW16_067,Lien Hua Pond (TW7),Babina adenopleura,anuran,tadpoles (OW),tadpole,,Pond,,0,wild,swab,23.9188,120.8827,2369,722
TW16068,09/04/2016,TW16_068,Lien Hua Pond (TW7),Babina adenopleura,anuran,tadpoles (OW),tadpole,,Pond,,0,wild,swab,23.9188,120.8827,2369,722
TW16069,09/04/2016,TW16_069,Lien Hua Pond (TW7),Babina adenopleura,anuran,tadpoles (OW),tadpole,,Pond,,0,wild,swab,23.9188,120.8827,2369,722
TW16070,09/04/2016,TW16_070,Lien Hua Pond (TW7),Babina adenopleura,anuran,tadpoles (OW),tadpole,,Pond,,0,wild,swab,23.9188,120.8827,2369,722
TW16071,09/04/2016,TW16_071,Lien Hua Pond (TW7),Babina adenopleura,anuran,tadpoles (OW),tadpole,,Pond,,0,wild,swab,23.9188,120.8827,2369,722
TW16072,09/04/2016,TW16_072,Lien Hua Pond (TW7),Babina adenopleura,anuran,tadpoles (OW),tadpole,,Pond,,0,wild,swab,23.9188,120.8827,2369,722
TW16073,09/04/2016,TW16_073,Lien Hua Pond (TW7),Babina adenopleura,anuran,tadpoles (OW),tadpole,,Pond,,0,wild,swab,23.9188,120.8827,2369,722
TW16074,09/04/2016,TW16_074,Lien Hua Pond (TW7),Babina adenopleura,anuran,tadpoles (OW),tadpole,,Pond,,0,wild,swab,23.9188,120.8827,2369,722
TW16075,09/04/2016,TW16_075,Lien Hua Pond (TW7),Babina adenopleura,anuran,tadpoles (YOY),tadpole,,Pond,,0,wild,swab,23.9188,120.8827,2369,722
TW16076,09/04/2016,TW16_076,Lien Hua Pond (TW7),Babina adenopleura,anuran,tadpoles (YOY),tadpole,,Pond,,0,wild,swab,23.9188,120.8827,2369,722
TW16077,09/04/2016,TW16_077,Lien Hua Pond (TW7),Babina adenopleura,anuran,tadpoles (YOY),tadpole,,Pond,,0,wild,swab,23.9188,120.8827,2369,722
TW16078,09/04/2016,TW16_078,Lien Hua Pond (TW7),Babina adenopleura,anuran,tadpoles (YOY),tadpole,,Pond,,0,wild,swab,23.9188,120.8827,2369,722
TW16079,09/04/2016,TW16_079,Lien Hua Pond (TW7),Babina adenopleura,anuran,tadpoles (YOY),tadpole,,Pond,,0,wild,swab,23.9188,120.8827,2369,722
TW16080,09/04/2016,TW16_080,Lien Hua Pond (TW7),Babina adenopleura,anuran,tadpoles (YOY),tadpole,,Pond,,0,wild,swab,23.9188,120.8827,2369,722
TW16081,09/04/2016,TW16_081,Lien Hua Pond (TW7),Babina adenopleura,anuran,tadpoles (YOY),tadpole,,Pond,,0,wild,swab,23.9188,120.8827,2369,722
TW16082,09/04/2016,TW16_082,Lien Hua Pond (TW7),Babina adenopleura,anuran,tadpoles (YOY),tadpole,,Pond,,0,wild,swab,23.9188,120.8827,2369,722
TW16083,09/04/2016,TW16_083,Lien Hua Pond (TW7),Babina adenopleura,anuran,tadpoles (YOY),tadpole,,Pond,,0,wild,swab,23.9188,120.8827,2369,722
TW16084,09/04/2016,TW16_084,Lien Hua Pond (TW7),Babina adenopleura,anuran,tadpoles (YOY),tadpole,,Pond,,0,wild,swab,23.9188,120.8827,2369,722
TW16085,09/04/2016,TW16_085,Lien Hua Pond (TW7),Babina adenopleura,anuran,tadpoles (YOY),tadpole,,Pond,,0,wild,swab,23.9188,120.8827,2369,722
TW16086,09/04/2016,TW16_086,Lien Hua Pond (TW7),Babina adenopleura,anuran,tadpoles (YOY),tadpole,,Pond,,0,wild,swab,23.9188,120.8827,2369,722
TW16087,09/04/2016,TW16_087,Lien Hua Pond (TW7),Babina adenopleura,anuran,tadpoles (YOY),tadpole,,Pond,,0,wild,swab,23.9188,120.8827,2369,722
TW16088,09/04/2016,TW16_088,Lien Hua Pond (TW7),Babina adenopleura,anuran,tadpoles (YOY),tadpole,,Pond,,0,wild,swab,23.9188,120.8827,2369,722
TW16089,09/04/2016,TW16_089,Lien Hua Pond (TW7),Babina adenopleura,anuran,tadpoles (YOY),tadpole,,Pond,,0,wild,swab,23.9188,120.8827,2369,722
TW16090,09/04/2016,TW16_090,Lien Hua Pond (TW7),Babina adenopleura,anuran,tadpoles (YOY),tadpole,,Pond,,0,wild,swab,23.9188,120.8827,2369,722
TW16091,09/04/2016,TW16_091,Lien Hua Pond (TW7),Babina adenopleura,anuran,tadpoles (YOY),tadpole,,Pond,,0,wild,swab,23.9188,120.8827,2369,722
TW16092,09/04/2016,TW16_092,Lien Hua Pond (TW7),Babina adenopleura,anuran,tadpoles (YOY),tadpole,,Pond,,0,wild,swab,23.9188,120.8827,2369,722
TW16093,09/04/2016,TW16_093,Lien Hua Pond (TW7),Babina adenopleura,anuran,tadpoles (YOY),tadpole,,Pond,,0,wild,swab,23.9188,120.8827,2369,722
TW16094,09/04/2016,TW16_094,Lien Hua Pond (TW7),Babina adenopleura,anuran,tadpoles (YOY),tadpole,,Pond,,0,wild,swab,23.9188,120.8827,2369,722
TW16095,09/04/2016,TW16_095,Lien Hua Pond (TW7),Babina adenopleura,anuran,tadpoles (YOY),tadpole,,Pond,,0,wild,swab,23.9188,120.8827,2369,722
TW16096,09/04/2016,TW16_096,Lien Hua Pond (TW7),Babina adenopleura,anuran,tadpoles (YOY),tadpole,,Pond,,0,wild,swab,23.9188,120.8827,2369,722
TW16097,09/04/2016,TW16_097,Lien Hua Pond (TW7),Babina adenopleura,anuran,tadpoles (YOY),tadpole,,Pond,,0,wild,swab,23.9188,120.8827,2369,722
TW16098,09/04/2016,TW16_098,Lien Hua Pond (TW7),Babina adenopleura,anuran,tadpoles (YOY),tadpole,,Pond,,0,wild,swab,23.9188,120.8827,2369,722
TW16099,09/04/2016,TW16_099,Lien Hua Pond (TW7),Babina adenopleura,anuran,tadpoles (YOY),tadpole,,Pond,,0,wild,swab,23.9188,120.8827,2369,722
TW16100,09/04/2016,TW16_100,Lien Hua Pond (TW7),Babina adenopleura,anuran,tadpoles (YOY),tadpole,,Pond,,0,wild,swab,23.9188,120.8827,2369,722
TW16101,09/04/2016,TW16_101,Lien Hua Pond (TW7),Babina adenopleura,anuran,tadpoles (YOY),tadpole,,Pond,,0,wild,swab,23.9188,120.8827,2369,722
TW16102,09/04/2016,TW16_102,Lien Hua Pond (TW7),Babina adenopleura,anuran,tadpoles (YOY),tadpole,,Pond,,0,wild,swab,23.9188,120.8827,2369,722
TW16103,10/04/2016,TW16_103,Xitou Entrance,Rhacophorus moltrechti,anuran,tadpoles,tadpole,,Pond,nearly dry,0,wild,swab,23.671755,120.790717,3865,1178
TW16104,10/04/2016,TW16_104,Xitou Entrance,Rhacophorus moltrechti,anuran,tadpoles,tadpole,,Pond,nearly dry,0,wild,swab,23.671755,120.790717,3865,1178
TW16105,10/04/2016,TW16_105,Xitou Entrance,Rhacophorus moltrechti,anuran,tadpoles,tadpole,,Pond,nearly dry,0,wild,swab,23.671755,120.790717,3865,1178
TW16106,10/04/2016,TW16_106,Xitou Entrance,Rhacophorus moltrechti,anuran,tadpoles,tadpole,,Pond,nearly dry,0,wild,swab,23.671755,120.790717,3865,1178
TW16107,10/04/2016,TW16_107,Xitou Entrance,Rhacophorus moltrechti,anuran,tadpoles,tadpole,,Pond,nearly dry,0,wild,swab,23.671755,120.790717,3865,1178
TW16108,10/04/2016,TW16_108,Xitou Entrance,Rhacophorus moltrechti,anuran,tadpoles,tadpole,,Pond,nearly dry,0,wild,swab,23.671755,120.790717,3865,1178
TW16109,10/04/2016,TW16_109,Xitou Entrance,Rhacophorus moltrechti,anuran,tadpoles,tadpole,,Pond,nearly dry,0,wild,swab,23.671755,120.790717,3865,1178
TW16110,10/04/2016,TW16_110,Xitou Entrance,Rhacophorus moltrechti,anuran,tadpoles,tadpole,,Pond,nearly dry,0,wild,swab,23.671755,120.790717,3865,1178
TW16111,10/04/2016,TW16_111,Xitou Entrance,Rhacophorus moltrechti,anuran,tadpoles,tadpole,,Pond,nearly dry,0,wild,swab,23.671755,120.790717,3865,1178
TW16112,10/04/2016,TW16_112,Xitou Entrance,Rhacophorus moltrechti,anuran,tadpoles,tadpole,,Pond,nearly dry,0,wild,swab,23.671755,120.790717,3865,1178
TW16113,10/04/2016,TW16_113,Xitou Entrance,Rhacophorus moltrechti,anuran,tadpoles,tadpole,,Pond,nearly dry,0,wild,swab,23.671755,120.790717,3865,1178
TW16114,10/04/2016,TW16_114,Xitou Entrance,Rhacophorus moltrechti,anuran,tadpoles,tadpole,,Pond,nearly dry,0,wild,swab,23.671755,120.790717,3865,1178
TW16115,10/04/2016,TW16_115,Xitou Entrance,Rhacophorus moltrechti,anuran,tadpoles,tadpole,,Pond,nearly dry,0,wild,swab,23.671755,120.790717,3865,1178
TW16116,10/04/2016,TW16_116,Xitou Entrance,Rhacophorus moltrechti,anuran,tadpoles,tadpole,,Pond,nearly dry,0,wild,swab,23.671755,120.790717,3865,1178
TW16117,10/04/2016,TW16_117,Xitou Entrance,Rhacophorus moltrechti,anuran,tadpoles,tadpole,,Pond,nearly dry,0,wild,swab,23.671755,120.790717,3865,1178
TW16118,10/04/2016,TW16_118,Xitou Entrance,Rhacophorus moltrechti,anuran,tadpoles,tadpole,,Pond,nearly dry,0,wild,swab,23.671755,120.790717,3865,1178
TW16119,10/04/2016,TW16_119,Xitou Entrance,Rhacophorus moltrechti,anuran,tadpoles,tadpole,,Pond,nearly dry,0,wild,swab,23.671755,120.790717,3865,1178
TW16120,10/04/2016,TW16_120,Xitou Entrance,Rhacophorus moltrechti,anuran,tadpoles,tadpole,,Pond,nearly dry,0,wild,swab,23.671755,120.790717,3865,1178
TW16121,10/04/2016,TW16_121,Xitou Entrance,Rhacophorus moltrechti,anuran,tadpoles,tadpole,,Pond,nearly dry,0,wild,swab,23.671755,120.790717,3865,1178
TW16122,10/04/2016,TW16_122,Xitou Entrance,Rhacophorus moltrechti,anuran,tadpoles,tadpole,,Pond,nearly dry,0,wild,swab,23.671755,120.790717,3865,1178
TW16123,10/04/2016,TW16_123,Xitou Entrance,Rhacophorus moltrechti,anuran,tadpoles,tadpole,,Pond,nearly dry,0,wild,swab,23.671755,120.790717,3865,1178
TW16124,10/04/2016,TW16_124,Xitou Entrance,Rhacophorus moltrechti,anuran,tadpoles,tadpole,,Pond,nearly dry,0,wild,swab,23.671755,120.790717,3865,1178
TW16125,10/04/2016,TW16_125,Xitou Entrance,Rhacophorus moltrechti,anuran,tadpoles,tadpole,,Pond,nearly dry,0,wild,swab,23.671755,120.790717,3865,1178
TW16126,10/04/2016,TW16_126,Xitou Entrance,Rhacophorus moltrechti,anuran,tadpoles,tadpole,,Pond,nearly dry,0,wild,swab,23.671755,120.790717,3865,1178
TW16127,10/04/2016,TW16_127,Xitou Entrance,Rhacophorus moltrechti,anuran,tadpoles,tadpole,,Pond,nearly dry,0,wild,swab,23.671755,120.790717,3865,1178
TW16128,10/04/2016,TW16_128,Xitou Entrance,Rhacophorus moltrechti,anuran,tadpoles,tadpole,,Pond,nearly dry,0,wild,swab,23.671755,120.790717,3865,1178
TW16129,10/04/2016,TW16_129,Xitou Entrance,Rhacophorus moltrechti,anuran,tadpoles,tadpole,,Pond,nearly dry,0,wild,swab,23.671755,120.790717,3865,1178
TW16130,10/04/2016,TW16_130,Xitou Entrance,Rhacophorus moltrechti,anuran,tadpoles,tadpole,,Pond,nearly dry,0,wild,swab,23.671755,120.790717,3865,1178
TW16131,10/04/2016,TW16_131,Xitou Entrance,Rhacophorus moltrechti,anuran,tadpoles,tadpole,,Pond,nearly dry,0,wild,swab,23.671755,120.790717,3865,1178
TW16132,10/04/2016,TW16_132,Xitou Entrance,Rhacophorus moltrechti,anuran,tadpoles,tadpole,,Pond,nearly dry,0,wild,swab,23.671755,120.790717,3865,1178
TW16133,10/04/2016,TW16_133,Xitou Entrance,Rhacophorus moltrechti,anuran,tadpoles,tadpole,,Pond,nearly dry,0,wild,swab,23.671755,120.790717,3865,1178
TW16134,10/04/2016,TW16_134,Xitou Entrance,Rhacophorus moltrechti,anuran,tadpoles,tadpole,,Pond,nearly dry,0,wild,swab,23.671755,120.790717,3865,1178
TW16135,10/04/2016,TW16_135,Xitou 2,Hylarana latouchii,anuran,adults,adult,,small pond,,0,wild,swab,23.671755,120.790717,3865,1178
TW16136,10/04/2016,TW16_136,Xitou 2,Hylarana latouchii,anuran,adults,adult,,small pond,,0,wild,swab,23.671755,120.790717,3865,1178
TW16137,10/04/2016,TW16_137,Xitou 2,Bufo bankorensis,anuran,tadpoles,tadpole,,small pond,,0,wild,swab,23.671755,120.790717,3865,1178
TW16138,10/04/2016,TW16_138,Xitou 2,Bufo bankorensis,anuran,tadpoles,tadpole,,small pond,,0,wild,swab,23.671755,120.790717,3865,1178
TW16139,10/04/2016,TW16_139,Xitou 2,Bufo bankorensis,anuran,tadpoles,tadpole,,small pond,,0,wild,swab,23.671755,120.790717,3865,1178
TW16140,10/04/2016,TW16_140,Xitou 2,Bufo bankorensis,anuran,tadpoles,tadpole,,small pond,,0,wild,swab,23.671755,120.790717,3865,1178
TW16141,10/04/2016,TW16_141,Xitou 2,Bufo bankorensis,anuran,tadpoles,tadpole,,small pond,,0,wild,swab,23.671755,120.790717,3865,1178
TW16142,10/04/2016,TW16_142,Xitou 2,Bufo bankorensis,anuran,tadpoles,tadpole,,small pond,,0,wild,swab,23.671755,120.790717,3865,1178
TW16143,10/04/2016,TW16_143,Xitou 2,Bufo bankorensis,anuran,tadpoles,tadpole,,small pond,,0,wild,swab,23.671755,120.790717,3865,1178
TW16144,10/04/2016,TW16_144,Xitou 2,Bufo bankorensis,anuran,tadpoles,tadpole,,small pond,,0,wild,swab,23.671755,120.790717,3865,1178
TW16145,10/04/2016,TW16_145,Xitou 2,Bufo bankorensis,anuran,tadpoles,tadpole,,small pond,,0,wild,swab,23.671755,120.790717,3865,1178
TW16146,10/04/2016,TW16_146,Xitou 2,Bufo bankorensis,anuran,tadpoles,tadpole,,small pond,,0,wild,swab,23.671755,120.790717,3865,1178
TW16147,10/04/2016,TW16_147,Xitou 2,Bufo bankorensis,anuran,tadpoles,tadpole,,small pond,,0,wild,swab,23.671755,120.790717,3865,1178
TW16148,10/04/2016,TW16_148,Xitou 2,Bufo bankorensis,anuran,tadpoles,tadpole,,small pond,,0,wild,swab,23.671755,120.790717,3865,1178
TW16149,10/04/2016,TW16_149,Xitou 2,Bufo bankorensis,anuran,tadpoles,tadpole,,small pond,,0,wild,swab,23.671755,120.790717,3865,1178
TW16150,10/04/2016,TW16_150,Xitou 2,Bufo bankorensis,anuran,tadpoles,tadpole,,small pond,,0,wild,swab,23.671755,120.790717,3865,1178
TW16151,10/04/2016,TW16_151,Xitou 2,Bufo bankorensis,anuran,tadpoles,tadpole,,small pond,,0,wild,swab,23.671755,120.790717,3865,1178
TW16152,10/04/2016,TW16_152,Xitou 2,Bufo bankorensis,anuran,tadpoles,tadpole,,small pond,,0,wild,swab,23.671755,120.790717,3865,1178
TW16153,10/04/2016,TW16_153,Xitou 2,Bufo bankorensis,anuran,tadpoles,tadpole,,small pond,,0,wild,swab,23.671755,120.790717,3865,1178
TW16154,10/04/2016,TW16_154,Xitou 2,Bufo bankorensis,anuran,tadpoles,tadpole,,small pond,,0,wild,swab,23.671755,120.790717,3865,1178
TW16155,10/04/2016,TW16_155,Xitou 2,Bufo bankorensis,anuran,tadpoles,tadpole,,small pond,,0,wild,swab,23.671755,120.790717,3865,1178
TW16156,10/04/2016,TW16_156,Xitou 2,Bufo bankorensis,anuran,tadpoles,tadpole,,small pond,,0,wild,swab,23.671755,120.790717,3865,1178
TW16157,10/04/2016,TW16_157,Xitou 2,Bufo bankorensis,anuran,tadpoles,tadpole,,small pond,,0.373,wild,swab,23.671755,120.790717,3865,1178
TW16158,10/04/2016,TW16_158,Xitou 2,Bufo bankorensis,anuran,tadpoles,tadpole,,small pond,,0,wild,swab,23.671755,120.790717,3865,1178
TW16159,10/04/2016,TW16_159,Xitou 2,Bufo bankorensis,anuran,tadpoles,tadpole,,small pond,,0,wild,swab,23.671755,120.790717,3865,1178
TW16160,10/04/2016,TW16_160,Xitou 2,Bufo bankorensis,anuran,tadpoles,tadpole,,small pond,,0,wild,swab,23.671755,120.790717,3865,1178
TW16161,10/04/2016,TW16_161,Xitou 2,Bufo bankorensis,anuran,tadpoles,tadpole,,small pond,,0.186,wild,swab,23.671755,120.790717,3865,1178
TW16162,10/04/2016,TW16_162,Xitou 2,Bufo bankorensis,anuran,tadpoles,tadpole,,small pond,,0,wild,swab,23.671755,120.790717,3865,1178
TW16163,10/04/2016,TW16_163,Nantou,Hylarana latouchii,anuran,adults,adult,,brook,,0.126,wild,swab,23.8250,120.8572,1063,324
TW16164,10/04/2016,TW16_164,Nantou,Hylarana latouchii,anuran,adults,adult,,brook,,0,wild,swab,23.8250,120.8572,1063,324
TW16164c,10/04/2016,TW16_164,Nantou,Hylarana latouchii,anuran,adults,adult,,brook,,0,wild,culture,23.8250,120.8572,1063,324
TW16165,10/04/2016,TW16_165,Nantou,Hylarana latouchii,anuran,adults,adult,,brook,,0,wild,swab,23.8250,120.8572,1063,324
TW16166,10/04/2016,TW16_166,Nantou,Hylarana latouchii,anuran,adults,adult,,brook,,0,wild,swab,23.8250,120.8572,1063,324
TW16167,10/04/2016,TW16_167,Nantou,Hylarana latouchii,anuran,adults,adult,,brook,,0,wild,swab,23.8250,120.8572,1063,324
TW16168,10/04/2016,TW16_168,Nantou,Hylarana latouchii,anuran,adults,adult,,brook,,0,wild,swab,23.8250,120.8572,1063,324
TW16169,10/04/2016,TW16_169,Nantou,Rhacophorus moltrechti,anuran,adults,adult,,brook,,0.724,wild,swab,23.8250,120.8572,1063,324
TW16170,10/04/2016,TW16_170,Nantou,Buergeria japonica,anuran,adults,adult,,brook,,0,wild,swab,23.8250,120.8572,1063,324
TW16171,10/04/2016,TW16_171,Nantou,Microhyla,anuran,adults,adult,,brook,,0,wild,swab,23.8250,120.8572,1063,324
TW16172,10/04/2016,TW16_172,Nantou,Bufo bankorensis,anuran,adults,adult,,brook,,0,wild,swab,23.8250,120.8572,1063,324
TW16173,10/04/2016,TW16_173,Nantou,Rhacophorus moltrechti,anuran,adults,adult,,brook,,0.056,wild,swab,23.8250,120.8572,1063,324
TW16174,10/04/2016,TW16_174,Nantou,Hylarana latouchii,anuran,adults,adult,,brook,,0,wild,swab,23.8250,120.8572,1063,324
TW16175,11/04/2016,TW16_175,Puli,Rhacophorus moltrechti,anuran,adults,adult,,,,0.056,wild,swab,23.9400,120.9256,1585,483
TW16176,11/04/2016,TW16_176,Puli,Hylarana latouchii,anuran,adults,adult,,,,0,wild,swab,23.9400,120.9256,1585,483
TW16177,11/04/2016,TW16_177,Puli,Hylarana latouchii,anuran,adults,adult,,,,0,wild,swab,23.9400,120.9256,1585,483
TW16178,11/04/2016,TW16_178,Puli,Hylarana latouchii,anuran,adults,adult,,,,0,wild,swab,23.9400,120.9256,1585,483
TW16179,11/04/2016,TW16_179,Puli,Hylarana latouchii,anuran,adults,adult,,,,0,wild,swab,23.9400,120.9256,1585,483
TW16180,11/04/2016,TW16_180,Puli,Hylarana latouchii,anuran,adults,adult,,,,0,wild,swab,23.9400,120.9256,1585,483
TW16181,11/04/2016,TW16_181,Puli,Hylarana latouchii,anuran,adults,adult,,,,0,wild,swab,23.9400,120.9256,1585,483
TW16182,11/04/2016,TW16_182,Puli,Hylarana latouchii,anuran,adults,adult,,,,0,wild,swab,23.9400,120.9256,1585,483
TW16183,11/04/2016,TW16_183,Puli,Hylarana latouchii,anuran,adults,adult,,,,0,wild,swab,23.9400,120.9256,1585,483
TW16184,11/04/2016,TW16_184,Puli,Hylarana latouchii,anuran,adults,adult,,,,0,wild,swab,23.9400,120.9256,1585,483
TW16185,11/04/2016,TW16_185,Puli,Hylarana latouchii,anuran,adults,adult,,,,0,wild,swab,23.9400,120.9256,1585,483
TW16186,11/04/2016,TW16_186,Puli,Hylarana latouchii,anuran,adults,adult,,,,0,wild,swab,23.9400,120.9256,1585,483
TW16187,11/04/2016,TW16_187,Puli,Hylarana latouchii,anuran,adults,adult,,,,0,wild,swab,23.9400,120.9256,1585,483
TW16188,11/04/2016,TW16_188,Puli,Hylarana latouchii,anuran,adults,adult,,,,0,wild,swab,23.9400,120.9256,1585,483
TW16189,11/04/2016,TW16_189,Puli,Hylarana latouchii,anuran,adults,adult,,,,0,wild,swab,23.9400,120.9256,1585,483
TW16190,11/04/2016,TW16_190,Puli,Hylarana latouchii,anuran,adults,adult,,,,0,wild,swab,23.9400,120.9256,1585,483
TW16191,11/04/2016,TW16_191,Puli,Hylarana latouchii,anuran,adults,adult,,,,0,wild,swab,23.9400,120.9256,1585,483
TW16192,11/04/2016,TW16_192,Puli,Hylarana latouchii,anuran,adults,adult,,,,0,wild,swab,23.9400,120.9256,1585,483
TW16193,11/04/2016,TW16_193,Puli,Hylarana latouchii,anuran,adults,adult,,,,0,wild,swab,23.9400,120.9256,1585,483
TW16194,11/04/2016,TW16_194,Puli,Hylarana latouchii,anuran,adults,adult,,,,0,wild,swab,23.9400,120.9256,1585,483
TW16195,11/04/2016,TW16_195,Puli,Hylarana latouchii,anuran,adults,adult,,,,0,wild,swab,23.9400,120.9256,1585,483
TW16196,11/04/2016,TW16_196,Puli,Hylarana latouchii,anuran,adults,adult,,,,0,wild,swab,23.9400,120.9256,1585,483
TW16197,11/04/2016,TW16_197,Puli,Hylarana latouchii,anuran,adults,adult,,,,0,wild,swab,23.9400,120.9256,1585,483
TW16198,11/04/2016,TW16_198,Puli,Hylarana latouchii,anuran,adults,adult,,,,0,wild,swab,23.9400,120.9256,1585,483
TW16199,11/04/2016,TW16_199,Puli,Hylarana latouchii,anuran,adults,adult,,,,0,wild,swab,23.9400,120.9256,1585,483
TW16200,11/04/2016,TW16_200,Puli,Hylarana latouchii,anuran,adults,adult,,,,0,wild,swab,23.9400,120.9256,1585,483
TW16201,11/04/2016,TW16_201,Puli,Hylarana latouchii,anuran,adults,adult,,,,0,wild,swab,23.9400,120.9256,1585,483
TW16202,11/04/2016,TW16_202,Puli,Hylarana latouchii,anuran,adults,adult,,,,0,wild,swab,23.9400,120.9256,1585,483
TW16203,11/04/2016,TW16_203,Puli,Hylarana latouchii,anuran,adults,adult,,,,0,wild,swab,23.9400,120.9256,1585,483
TW16204,11/04/2016,TW16_204,Puli,Hylarana latouchii,anuran,adults,adult,,,,0,wild,swab,23.9400,120.9256,1585,483
TW16205,11/04/2016,TW16_205,Puli,Hylarana latouchii,anuran,adults,adult,,,,0,wild,swab,23.9400,120.9256,1585,483
TW16206,11/04/2016,TW16_206,JFE Mountain,Babina adenopleura,anuran,adults,adult,,pond,,0,wild,swab,23.9581,120.8506,2247,685
TW16206c,11/04/2016,TW16_206,JFE Mountain,Babina adenopleura,anuran,adults,adult,,pond,,0,wild,culture,23.9581,120.8506,2247,685
TW16207,11/04/2016,TW16_207,JFE Mountain,Babina adenopleura,anuran,adults,adult,,pond,,0,wild,swab,23.9581,120.8506,2247,685
TW16208,11/04/2016,TW16_208,JFE Mountain,Limnonectes fujianensis,anuran,adults,adult,,pond,,0,wild,swab,23.9581,120.8506,2247,685
TW16209,11/04/2016,TW16_209,JFE Mountain,Limnonectes fujianensis,anuran,adults,adult,,pond,,0,wild,swab,23.9581,120.8506,2247,685
TW16210,11/04/2016,TW16_210,JFE Mountain,Limnonectes fujianensis,anuran,adults,adult,,pond,,0,wild,swab,23.9581,120.8506,2247,685
TW16211,11/04/2016,TW16_211,JFE Mountain,Limnonectes fujianensis,anuran,adults,adult,,pond,,0,wild,swab,23.9581,120.8506,2247,685
TW16212,11/04/2016,TW16_212,JFE Mountain,Bufo bankorensis,anuran,adults,adult,,pond,,0,wild,swab,23.9581,120.8506,2247,685
TW16213,11/04/2016,TW16_213,JFE Mountain,Bufo bankorensis,anuran,adults,adult,,pond,,0,wild,swab,23.9581,120.8506,2247,685
TW16214,11/04/2016,TW16_214,JFE Mountain,Bufo bankorensis,anuran,adults,adult,,pond,,0.145,wild,swab,23.9581,120.8506,2247,685
TW16215,11/04/2016,TW16_215,JFE Mountain,Bufo bankorensis,anuran,adults,adult,,pond,,0,wild,swab,23.9581,120.8506,2247,685
TW16216,11/04/2016,TW16_216,JFE Mountain,Babina adenopleura,anuran,adults,adult,,pond,,0,wild,swab,23.9581,120.8506,2247,685
TW16217,11/04/2016,TW16_217,JFE Mountain,Babina adenopleura,anuran,adults,adult,,pond,,0,wild,swab,23.9581,120.8506,2247,685
TW16218,11/04/2016,TW16_218,JFE Mountain,Babina adenopleura,anuran,adults,adult,,pond,,0,wild,swab,23.9581,120.8506,2247,685
TW16219,11/04/2016,TW16_219,JFE Mountain,Fejervarya limnocharis,anuran,adults,adult,,pond,,0,wild,swab,23.9581,120.8506,2247,685
TW16220,11/04/2016,TW16_220,JFE Mountain,Fejervarya limnocharis,anuran,adults,adult,,pond,,0,wild,swab,23.9581,120.8506,2247,685
TW16221,11/04/2016,TW16_221,JFE Mountain,Rhacophorus moltrechti,anuran,adults,adult,,pond,,0,wild,swab,23.9581,120.8506,2247,685
TW16222,11/04/2016,TW16_222,JFE Mountain,Polypedates braueri,anuran,adults,adult,,pond,,0,wild,swab,23.9581,120.8506,2247,685
TW16223,11/04/2016,TW16_223,JFE Mountain,Microhyla butleri,anuran,adults,adult,,pond,,0.075,wild,swab,23.9581,120.8506,2247,685
TW16224,11/04/2016,TW16_224,JFE Mountain,Hylarana latouchii,anuran,adults,adult,,pond,,0.028,wild,swab,23.9581,120.8506,2247,685
TW16225,11/04/2016,TW16_225,JFE Mountain,Hylarana latouchii,anuran,adults,adult,,pond,,0.023,wild,swab,23.9581,120.8506,2247,685
TW16226,11/04/2016,TW16_226,JFE Mountain,Hylarana latouchii,anuran,adults,adult,,pond,,0.109,wild,swab,23.9581,120.8506,2247,685
TW16227,11/04/2016,TW16_227,JFE Mountain,Hylarana latouchii,anuran,adults,adult,,pond,,0.066,wild,swab,23.9581,120.8506,2247,685
TW16228,11/04/2016,TW16_228,JFE Mountain,Hylarana latouchii,anuran,adults,adult,,pond,,0.043,wild,swab,23.9581,120.8506,2247,685
TW16229,11/04/2016,TW16_229,JFE Mountain,Hylarana latouchii,anuran,adults,adult,,pond,,0.035,wild,swab,23.9581,120.8506,2247,685
TW16230,11/04/2016,TW16_230,JFE Mountain,Hylarana latouchii,anuran,adults,adult,,pond,,0.711,wild,swab,23.9581,120.8506,2247,685
TW16231,11/04/2016,TW16_231,JFE Mountain,Hylarana latouchii,anuran,adults,adult,,pond,,0.026,wild,swab,23.9581,120.8506,2247,685
TW16232,11/04/2016,TW16_232,JFE Mountain,Hylarana latouchii,anuran,adults,adult,,pond,,0,wild,swab,23.9581,120.8506,2247,685
TW16233,11/04/2016,TW16_233,JFE Mountain,Hylarana latouchii,anuran,adults,adult,,pond,,0.027,wild,swab,23.9581,120.8506,2247,685
TW16234,11/04/2016,TW16_234,JFE Mountain,Hylarana latouchii,anuran,adults,adult,,pond,,0,wild,swab,23.9581,120.8506,2247,685
TW16235,11/04/2016,TW16_235,JFE Mountain,Hylarana latouchii,anuran,adults,adult,,pond,,0.014,wild,swab,23.9581,120.8506,2247,685
TW16236,11/04/2016,TW16_236,JFE Mountain,Hylarana latouchii,anuran,adults,adult,,pond,,0.012,wild,swab,23.9581,120.8506,2247,685
TW16237,11/04/2016,TW16_237,JFE Mountain,Hylarana latouchii,anuran,adults,adult,,pond,,0.192,wild,swab,23.9581,120.8506,2247,685
TW16238,11/04/2016,TW16_238,JFE Mountain,Hylarana latouchii,anuran,adults,adult,,pond,,0,wild,swab,23.9581,120.8506,2247,685
TW16239,11/04/2016,TW16_239,JFE Mountain,Hylarana latouchii,anuran,adults,adult,,pond,,0,wild,swab,23.9581,120.8506,2247,685
TW16240,11/04/2016,TW16_240,JFE Mountain,Hylarana latouchii,anuran,adults,adult,,pond,,0,wild,swab,23.9581,120.8506,2247,685
TW16241,11/04/2016,TW16_241,JFE Mountain,Hylarana latouchii,anuran,adults,adult,,pond,,0.029,wild,swab,23.9581,120.8506,2247,685
TW16242,11/04/2016,TW16_242,JFE Mountain,Hylarana latouchii,anuran,adults,adult,,pond,,0,wild,swab,23.9581,120.8506,2247,685
TW16243,11/04/2016,TW16_243,JFE Mountain,Hylarana latouchii,anuran,adults,adult,,pond,,0.052,wild,swab,23.9581,120.8506,2247,685
TW16244,11/04/2016,TW16_244,JFE Mountain,Hylarana latouchii,anuran,adults,adult,,pond,,0,wild,swab,23.9581,120.8506,2247,685
TW16245,11/04/2016,TW16_245,JFE Mountain,Hylarana latouchii,anuran,adults,adult,,pond,,0.05,wild,swab,23.9581,120.8506,2247,685
TW16246,11/04/2016,TW16_246,JFE Mountain,Hylarana latouchii,anuran,adults,adult,,pond,,0.073,wild,swab,23.9581,120.8506,2247,685
TW16247,11/04/2016,TW16_247,JFE Mountain,Hylarana latouchii,anuran,adults,adult,,pond,,0,wild,swab,23.9581,120.8506,2247,685
TW16248,11/04/2016,TW16_248,JFE Mountain,Hylarana latouchii,anuran,adults,adult,,pond,,0.027,wild,swab,23.9581,120.8506,2247,685
TW16249,11/04/2016,TW16_249,JFE Mountain,Hylarana latouchii,anuran,adults,adult,,pond,,0,wild,swab,23.9581,120.8506,2247,685
TW16250,11/04/2016,TW16_250,JFE Mountain,Hylarana latouchii,anuran,adults,adult,,pond,,0,wild,swab,23.9581,120.8506,2247,685
TW16251,11/04/2016,TW16_251,JFE Mountain,Hylarana latouchii,anuran,adults,adult,,pond,,0,wild,swab,23.9581,120.8506,2247,685
TW16252,11/04/2016,TW16_252,JFE Mountain,Hylarana latouchii,anuran,adults,adult,,pond,,0.049,wild,swab,23.9581,120.8506,2247,685
TW16253,11/04/2016,TW16_253,JFE Mountain,Hylarana latouchii,anuran,adults,adult,,pond,,0,wild,swab,23.9581,120.8506,2247,685
TW16254,11/04/2016,TW16_254,JFE Mountain,Hylarana latouchii,anuran,adults,adult,,pond,,0.023,wild,swab,23.9581,120.8506,2247,685
TW16255,11/04/2016,TW16_255,JFE Mountain,Hylarana latouchii,anuran,adults,adult,,pond,,0.027,wild,swab,23.9581,120.8506,2247,685
TW16256,11/04/2016,TW16_256,JFE Mountain,Hylarana latouchii,anuran,adults,adult,,pond,,0,wild,swab,23.9581,120.8506,2247,685
TW16257,11/04/2016,TW16_257,JFE Mountain,Hylarana latouchii,anuran,adults,adult,,pond,,0,wild,swab,23.9581,120.8506,2247,685
TW16258,11/04/2016,TW16_258,JFE Mountain,Hylarana latouchii,anuran,adults,adult,,pond,,0.012,wild,swab,23.9581,120.8506,2247,685
TW16259,11/04/2016,TW16_259,JFE Mountain,Hylarana latouchii,anuran,adults,adult,,pond,,0,wild,swab,23.9581,120.8506,2247,685
TW16260,11/04/2016,TW16_260,JFE Mountain,Hylarana latouchii,anuran,adults,adult,,pond,,0,wild,swab,23.9581,120.8506,2247,685
TW16261,11/04/2016,TW16_261,JFE Mountain,Hylarana latouchii,anuran,adults,adult,,pond,,0.026,wild,swab,23.9581,120.8506,2247,685
TW16262,11/04/2016,TW16_262,JFE Mountain,Hylarana latouchii,anuran,adults,adult,,pond,,0.486,wild,swab,23.9581,120.8506,2247,685
TW16263,11/04/2016,TW16_263,JFE Mountain,Hylarana latouchii,anuran,adults,adult,,pond,,0.026,wild,swab,23.9581,120.8506,2247,685
TW16264,11/04/2016,TW16_264,JFE Mountain,Hylarana latouchii,anuran,adults,adult,,pond,,0.069,wild,swab,23.9581,120.8506,2247,685
TW16265,11/04/2016,TW16_265,JFE Mountain,Hylarana latouchii,anuran,adults,adult,,pond,,0,wild,swab,23.9581,120.8506,2247,685
TW16266,11/04/2016,TW16_266,JFE Mountain,Hylarana latouchii,anuran,adults,adult,,pond,,0.017,wild,swab,23.9581,120.8506,2247,685
TW16267,11/04/2016,TW16_267,JFE Mountain,Hylarana latouchii,anuran,adults,adult,,pond,,0,wild,swab,23.9581,120.8506,2247,685
TW16268,11/04/2016,TW16_268,JFE Mountain 2,Hylarana latouchii,anuran,adults,adult,,slow brook,,0.204,wild,swab,23.9497,120.8539,1775,541
TW16269,11/04/2016,TW16_269,JFE Mountain 2,Hylarana latouchii,anuran,adults,adult,,slow brook,,0,wild,swab,23.9497,120.8539,1775,541
TW16270,11/04/2016,TW16_270,JFE Mountain 2,Hylarana latouchii,anuran,adults,adult,,slow brook,,0.065,wild,swab,23.9497,120.8539,1775,541
TW16271,11/04/2016,TW16_271,JFE Mountain 2,Hylarana latouchii,anuran,adults,adult,,slow brook,,0.099,wild,swab,23.9497,120.8539,1775,541
TW16272,11/04/2016,TW16_272,JFE Mountain 2,Hylarana latouchii,anuran,adults,adult,,slow brook,,0.041,wild,swab,23.9497,120.8539,1775,541
TW16273,11/04/2016,TW16_273,JFE Mountain 2,Buergeria japonica,anuran,adults,adult,,slow brook,,2.008,wild,swab,23.9497,120.8539,1775,541
TW16274,11/04/2016,TW16_274,JFE Mountain 2,Buergeria japonica,anuran,adults,adult,,slow brook,,1.231,wild,swab,23.9497,120.8539,1775,541
TW16275,11/04/2016,TW16_275,JFE Mountain 2,Buergeria japonica,anuran,adults,adult,,slow brook,,0.103,wild,swab,23.9497,120.8539,1775,541
TW16276,11/04/2016,TW16_276,JFE Mountain 2,Buergeria japonica,anuran,adults,adult,,slow brook,,0.108,wild,swab,23.9497,120.8539,1775,541
TW16277,11/04/2016,TW16_277,JFE Mountain 2,Buergeria japonica,anuran,adults,adult,,slow brook,,0.06,wild,swab,23.9497,120.8539,1775,541
TW16278,11/04/2016,TW16_278,JFE Mountain 2,Buergeria japonica,anuran,adults,adult,,slow brook,,1.551,wild,swab,23.9497,120.8539,1775,541
TW16279,11/04/2016,TW16_279,JFE Mountain 2,Buergeria japonica,anuran,adults,adult,,slow brook,,2.189,wild,swab,23.9497,120.8539,1775,541
TW16280,11/04/2016,TW16_280,JFE Mountain 2,Buergeria japonica,anuran,adults,adult,,slow brook,,1.604,wild,swab,23.9497,120.8539,1775,541
TW16281,11/04/2016,TW16_281,JFE Mountain 2,Buergeria japonica,anuran,adults,adult,,slow brook,,1.69,wild,swab,23.9497,120.8539,1775,541
TW16282,11/04/2016,TW16_282,JFE Mountain 2,Buergeria japonica,anuran,adults,adult,,slow brook,,8.178,wild,swab,23.9497,120.8539,1775,541
TW16282c,11/04/2016,TW16_282,JFE Mountain 2,Buergeria japonica,anuran,adults,adult,,slow brook,,8.178,wild,culture,23.9497,120.8539,1775,541
TW16283,11/04/2016,TW16_283,JFE Mountain 2,Buergeria japonica,anuran,adults,adult,,slow brook,,7.921,wild,swab,23.9497,120.8539,1775,541
TW16284,11/04/2016,TW16_284,JFE Mountain 2,Buergeria japonica,anuran,adults,adult,,slow brook,,0.974,wild,swab,23.9497,120.8539,1775,541
TW16285,11/04/2016,TW16_285,JFE Mountain 2,Buergeria japonica,anuran,adults,adult,,slow brook,,13.01,wild,swab,23.9497,120.8539,1775,541
TW16285c,11/04/2016,TW16_285,JFE Mountain 2,Buergeria japonica,anuran,adults,adult,,slow brook,,13.01,wild,culture,23.9497,120.8539,1775,541
TW16286,11/04/2016,TW16_286,JFE Mountain 2,Buergeria japonica,anuran,adults,adult,,slow brook,,2.86,wild,swab,23.9497,120.8539,1775,541
TW16287,11/04/2016,TW16_287,JFE Mountain 2,Buergeria japonica,anuran,adults,adult,,slow brook,,1.346,wild,swab,23.9497,120.8539,1775,541
TW16288,11/04/2016,TW16_288,JFE Mountain 2,Buergeria japonica,anuran,adults,adult,,slow brook,,11.121,wild,swab,23.9497,120.8539,1775,541
TW16289,11/04/2016,TW16_289,JFE Mountain 2,Buergeria japonica,anuran,adults,adult,,slow brook,,2.237,wild,swab,23.9497,120.8539,1775,541
TW16289c,11/04/2016,TW16_289,JFE Mountain 2,Buergeria japonica,anuran,adults,adult,,slow brook,,2.237,wild,culture,23.9497,120.8539,1775,541
TW16290,11/04/2016,TW16_290,JFE Mountain 2,Buergeria japonica,anuran,adults,adult,,slow brook,,12.165,wild,swab,23.9497,120.8539,1775,541
TW16291,11/04/2016,TW16_291,JFE Mountain 2,Buergeria japonica,anuran,adults,adult,,slow brook,,0.223,wild,swab,23.9497,120.8539,1775,541
TW16292,11/04/2016,TW16_292,JFE Mountain 2,Buergeria japonica,anuran,adults,adult,,slow brook,,0.552,wild,swab,23.9497,120.8539,1775,541
TW16292c,11/04/2016,TW16_292,JFE Mountain 2,Buergeria japonica,anuran,adults,adult,,slow brook,,0.552,wild,culture,23.9497,120.8539,1775,541
TW16293,11/04/2016,TW16_293,JFE Mountain 2,Buergeria japonica,anuran,adults,adult,,slow brook,,1.817,wild,swab,23.9497,120.8539,1775,541
TW16294,11/04/2016,TW16_294,JFE Mountain 2,Buergeria japonica,anuran,adults,adult,,slow brook,,0.618,wild,swab,23.9497,120.8539,1775,541
TW16294c,11/04/2016,TW16_294,JFE Mountain 2,Buergeria japonica,anuran,adults,adult,,slow brook,,0.618,wild,culture,23.9497,120.8539,1775,541
TW16295,11/04/2016,TW16_295,JFE Mountain 2,Buergeria japonica,anuran,adults,adult,,slow brook,,4.384,wild,swab,23.9497,120.8539,1775,541
TW16295c,11/04/2016,TW16_295,JFE Mountain 2,Buergeria japonica,anuran,adults,adult,,slow brook,,4.384,wild,culture,23.9497,120.8539,1775,541
TW16296,11/04/2016,TW16_296,JFE Mountain 2,Buergeria japonica,anuran,adults,adult,,slow brook,,1.101,wild,swab,23.9497,120.8539,1775,541
TW16297,11/04/2016,TW16_297,JFE Mountain 2,Buergeria japonica,anuran,adults,adult,,slow brook,,4.272,wild,swab,23.9497,120.8539,1775,541
TW16298,11/04/2016,TW16_298,JFE Mountain 2,Buergeria japonica,anuran,adults,adult,,slow brook,,18.753,wild,swab,23.9497,120.8539,1775,541
TW16299,11/04/2016,TW16_299,JFE Mountain 2,Buergeria japonica,anuran,adults,adult,,slow brook,,1.349,wild,swab,23.9497,120.8539,1775,541
TW16300,11/04/2016,TW16_300,JFE Mountain 2,Buergeria japonica,anuran,adults,adult,,slow brook,,4.598,wild,swab,23.9497,120.8539,1775,541
TW16301,11/04/2016,TW16_301,JFE Mountain 2,Buergeria japonica,anuran,adults,adult,,slow brook,,0.12,wild,swab,23.9497,120.8539,1775,541
TW16302,11/04/2016,TW16_302,JFE Mountain 2,Buergeria japonica,anuran,adults,adult,,slow brook,,4.9,wild,swab,23.9497,120.8539,1775,541
TW16303,11/04/2016,TW16_303,JFE Mountain 2,Buergeria japonica,anuran,adults,adult,,slow brook,,5.273,wild,swab,23.9497,120.8539,1775,541
TW16304,11/04/2016,TW16_304,JFE Mountain 2,Buergeria japonica,anuran,adults,adult,,slow brook,,5.2,wild,swab,23.9497,120.8539,1775,541
TW16305,11/04/2016,TW16_305,JFE Mountain 2,Buergeria japonica,anuran,adults,adult,,slow brook,,0.26,wild,swab,23.9497,120.8539,1775,541
TW16306,11/04/2016,TW16_306,JFE Mountain 2,Duttaphyrus melanotrictus,anuran,adults,adult,,slow brook,,0,wild,swab,23.9497,120.8539,1775,541
TW16307a,11/04/2016,TW16_307a,JFE Mountain 2,Fejervarya limnocharis,anuran,adults,adult,,slow brook,ricefield frog,0.066,wild,swab,23.9497,120.8539,1775,541
TW16307b,12/04/2016,TW16_307b,Endemic Species Research Center,Rhacophorus moltrechti,anuran,tadpoles,tadpole,,plastic tubs,near greenhouse,0.02,wild,swab,23.8285,120.8014,843,257
TW16308,12/04/2016,TW16_308,Endemic Species Research Center,Rhacophorus moltrechti,anuran,tadpoles,tadpole,,plastic tubs,,0,wild,swab,23.8285,120.8014,843,257
TW16309,12/04/2016,TW16_309,Endemic Species Research Center,Rhacophorus moltrechti,anuran,tadpoles,tadpole,,plastic tubs,,0.155,wild,swab,23.8285,120.8014,843,257
TW16310,12/04/2016,TW16_310,Endemic Species Research Center,Rhacophorus moltrechti,anuran,tadpoles,tadpole,,plastic tubs,,0.214,wild,swab,23.8285,120.8014,843,257
TW16311,12/04/2016,TW16_311,Endemic Species Research Center,Rhacophorus moltrechti,anuran,tadpoles,tadpole,,plastic tubs,,0,wild,swab,23.8285,120.8014,843,257
TW16312,12/04/2016,TW16_312,Endemic Species Research Center,Rhacophorus moltrechti,anuran,tadpoles,tadpole,,plastic tubs,,0,wild,swab,23.8285,120.8014,843,257
TW16313,12/04/2016,TW16_313,Endemic Species Research Center,Rhacophorus moltrechti,anuran,tadpoles,tadpole,,plastic tubs,,0,wild,swab,23.8285,120.8014,843,257
TW16314,12/04/2016,TW16_314,Endemic Species Research Center,Rhacophorus moltrechti,anuran,tadpoles,tadpole,,plastic tubs,,0,wild,swab,23.8285,120.8014,843,257
TW16315,12/04/2016,TW16_315,Endemic Species Research Center,Rhacophorus moltrechti,anuran,tadpoles,tadpole,,plastic tubs,,1.986,wild,swab,23.8285,120.8014,843,257
TW16316,12/04/2016,TW16_316,Endemic Species Research Center,Rhacophorus moltrechti,anuran,tadpoles,tadpole,,plastic tubs,,0,wild,swab,23.8285,120.8014,843,257
TW16317,12/04/2016,TW16_317,Endemic Species Research Center,Rhacophorus moltrechti,anuran,tadpoles,tadpole,,plastic tubs,,0,wild,swab,23.8285,120.8014,843,257
TW16318,12/04/2016,TW16_318,Endemic Species Research Center,Rhacophorus moltrechti,anuran,tadpoles,tadpole,,plastic tubs,,0,wild,swab,23.8285,120.8014,843,257
TW16319,12/04/2016,TW16_319,Endemic Species Research Center,Rhacophorus moltrechti,anuran,tadpoles,tadpole,,plastic tubs,,0.333,wild,swab,23.8285,120.8014,843,257
TW16320,12/04/2016,TW16_320,Endemic Species Research Center,Rhacophorus moltrechti,anuran,tadpoles,tadpole,,plastic tubs,,0.211,wild,swab,23.8285,120.8014,843,257
TW16321,12/04/2016,TW16_321,Endemic Species Research Center,Rhacophorus moltrechti,anuran,tadpoles,tadpole,,plastic tubs,,1.188,wild,swab,23.8285,120.8014,843,257
TW16322,12/04/2016,TW16_322,Endemic Species Research Center,Rhacophorus moltrechti,anuran,tadpoles,tadpole,,plastic tubs,,0.148,wild,swab,23.8285,120.8014,843,257
TW16323,12/04/2016,TW16_323,Endemic Species Research Center,Rhacophorus moltrechti,anuran,tadpoles,tadpole,,plastic tubs,,1.188,wild,swab,23.8285,120.8014,843,257
TW16324,12/04/2016,TW16_324,Endemic Species Research Center,Rhacophorus moltrechti,anuran,tadpoles,tadpole,,plastic tubs,,0,wild,swab,23.8285,120.8014,843,257
TW16325,12/04/2016,TW16_325,Endemic Species Research Center,Rhacophorus moltrechti,anuran,tadpoles,tadpole,,plastic tubs,,0,wild,swab,23.8285,120.8014,843,257
TW16326,12/04/2016,TW16_326,Endemic Species Research Center,Rhacophorus moltrechti,anuran,tadpoles,tadpole,,plastic tubs,,0,wild,swab,23.8285,120.8014,843,257
TW16327,12/04/2016,TW16_327,Endemic Species Research Center,Rhacophorus moltrechti,anuran,tadpoles,tadpole,,plastic tubs,,0,wild,swab,23.8285,120.8014,843,257
TW16328,12/04/2016,TW16_328,Endemic Species Research Center,Rhacophorus moltrechti,anuran,tadpoles,tadpole,,plastic tubs,,0,wild,swab,23.8285,120.8014,843,257
TW16329,12/04/2016,TW16_329,Endemic Species Research Center,Rhacophorus moltrechti,anuran,tadpoles,tadpole,,plastic tubs,,0,wild,swab,23.8285,120.8014,843,257
TW16330,12/04/2016,TW16_330,Endemic Species Research Center,Rhacophorus moltrechti,anuran,tadpoles,tadpole,,plastic tubs,,0.562,wild,swab,23.8285,120.8014,843,257
TW16331,12/04/2016,TW16_331,Endemic Species Research Center,Rhacophorus moltrechti,anuran,tadpoles,tadpole,,plastic tubs,,1.225,wild,swab,23.8285,120.8014,843,257
TW16332,12/04/2016,TW16_332,Endemic Species Research Center,Rhacophorus moltrechti,anuran,tadpoles,tadpole,,plastic tubs,,0.944,wild,swab,23.8285,120.8014,843,257
TW16333,12/04/2016,TW16_333,Endemic Species Research Center,Rhacophorus moltrechti,anuran,tadpoles,tadpole,,plastic tubs,,0.057,wild,swab,23.8285,120.8014,843,257
TW16334,12/04/2016,TW16_334,Endemic Species Research Center,Rhacophorus moltrechti,anuran,tadpoles,tadpole,,plastic tubs,,0,wild,swab,23.8285,120.8014,843,257
TW16335,12/04/2016,TW16_335,Endemic Species Research Center,Rhacophorus moltrechti,anuran,tadpoles,tadpole,,plastic tubs,,0,wild,swab,23.8285,120.8014,843,257
TW16336,12/04/2016,TW16_336,Endemic Species Research Center,Rhacophorus moltrechti,anuran,tadpoles,tadpole,,plastic tubs,,0,wild,swab,23.8285,120.8014,843,257
TW16337,12/04/2016,TW16_337,Endemic Species Research Center,Rhacophorus moltrechti,anuran,tadpoles,tadpole,,plastic tubs,,0,wild,swab,23.8285,120.8014,843,257
TW16338,12/04/2016,TW16_338,Harpist frog Site Sun Moon lake,Hylarana latouchii,anuran,adults,adult,,brook,,0,wild,swab,23.8535,120.8985,2720,829
TW16339,12/04/2016,TW16_339,Harpist frog Site Sun Moon lake,Hylarana latouchii,anuran,adults,adult,,brook,,3.977,wild,swab,23.8535,120.8985,2720,829
TW16340,12/04/2016,TW16_340,Harpist frog Site Sun Moon lake,Hylarana latouchii,anuran,adults,adult,,brook,,0,wild,swab,23.8535,120.8985,2720,829
TW16341,12/04/2016,TW16_341,Harpist frog Site Sun Moon lake,Hylarana latouchii,anuran,adults,adult,,brook,,0,wild,swab,23.8535,120.8985,2720,829
TW16342,12/04/2016,TW16_342,Harpist frog Site Sun Moon lake,Hylarana latouchii,anuran,adults,adult,,brook,,0,wild,swab,23.8535,120.8985,2720,829
TW16343,12/04/2016,TW16_343,Harpist frog Site Sun Moon lake,Hylarana latouchii,anuran,adults,adult,,brook,,0,wild,swab,23.8535,120.8985,2720,829
TW16344,12/04/2016,TW16_344,Harpist frog Site Sun Moon lake,Hylarana latouchii,anuran,adults,adult,,brook,,0,wild,swab,23.8535,120.8985,2720,829
TW16345,12/04/2016,TW16_345,Harpist frog Site Sun Moon lake,Hylarana latouchii,anuran,adults,adult,,brook,,0,wild,swab,23.8535,120.8985,2720,829
TW16346,12/04/2016,TW16_346,Harpist frog Site Sun Moon lake,Hylarana latouchii,anuran,adults,adult,,brook,,0,wild,swab,23.8535,120.8985,2720,829
TW16347,12/04/2016,TW16_347,Harpist frog Site Sun Moon lake,Hylarana latouchii,anuran,adults,adult,,brook,,0,wild,swab,23.8535,120.8985,2720,829
TW16348,12/04/2016,TW16_348,Harpist frog Site Sun Moon lake,Hylarana latouchii,anuran,adults,adult,,brook,,0,wild,swab,23.8535,120.8985,2720,829
TW16349,12/04/2016,TW16_349,Harpist frog Site Sun Moon lake,Hylarana latouchii,anuran,adults,adult,,brook,,0,wild,swab,23.8535,120.8985,2720,829
TW16350,12/04/2016,TW16_350,Harpist frog Site Sun Moon lake,Hylarana latouchii,anuran,adults,adult,,brook,,0,wild,swab,23.8535,120.8985,2720,829
TW16351,12/04/2016,TW16_351,Harpist frog Site Sun Moon lake,Hylarana latouchii,anuran,adults,adult,,brook,,0,wild,swab,23.8535,120.8985,2720,829
TW16352,12/04/2016,TW16_352,Harpist frog Site Sun Moon lake,Hylarana latouchii,anuran,adults,adult,,brook,,0,wild,swab,23.8535,120.8985,2720,829
TW16353,12/04/2016,TW16_353,Harpist frog Site Sun Moon lake,Babina adenopleura,anuran,adults,adult,,brook,,0,wild,swab,23.8535,120.8985,2720,829
TW16354,12/04/2016,TW16_354,Harpist frog Site Sun Moon lake,Bufo bankorensis,anuran,adults,adult,,brook,,0,wild,swab,23.8535,120.8985,2720,829
TW16355,12/04/2016,TW16_355,Harpist frog Site Sun Moon lake,Kurixalus idiootocus,anuran,adults,adult,,brook,,0,wild,swab,23.8535,120.8985,2720,829
TW16356,12/04/2016,TW16_356,Harpist frog Site Sun Moon lake,Kurixalus idiootocus,anuran,adults,adult,,brook,,0,wild,swab,23.8535,120.8985,2720,829
TW16357,12/04/2016,TW16_357,Harpist frog Site Sun Moon lake,Kurixalus idiootocus,anuran,adults,adult,,brook,,0,wild,swab,23.8535,120.8985,2720,829
TW16358,12/04/2016,TW16_358,Harpist frog Site Sun Moon lake,Kurixalus idiootocus,anuran,adults,adult,,brook,,0.004,wild,swab,23.8535,120.8985,2720,829
TW16359,12/04/2016,TW16_359,Harpist frog Site Sun Moon lake,Kurixalus idiootocus,anuran,adults,adult,,brook,,0,wild,swab,23.8535,120.8985,2720,829
TW16360,12/04/2016,TW16_360,Harpist frog Site Sun Moon lake,Kurixalus idiootocus,anuran,adults,adult,,brook,,0,wild,swab,23.8535,120.8985,2720,829
TW16361,12/04/2016,TW16_361,Harpist frog Site Sun Moon lake,Kurixalus idiootocus,anuran,adults,adult,,brook,,0,wild,swab,23.8535,120.8985,2720,829
TW16362,12/04/2016,TW16_362,Harpist frog Site Sun Moon lake,Fejervarya limnocharis,anuran,adults,adult,,brook,,0,wild,swab,23.8535,120.8985,2720,829
TW16363,12/04/2016,TW16_363,Harpist frog Site Sun Moon lake,Rhacophorus moltrechti,anuran,adults,adult,,brook,,0,wild,swab,23.8535,120.8985,2720,829
TW16364,12/04/2016,TW16_364,Harpist frog Site Sun Moon lake,Kurixalus idiootocus,anuran,adults,adult,,brook,,0,wild,swab,23.8535,120.8985,2720,829
TW16365,12/04/2016,TW16_365,Harpist frog Site Sun Moon lake,Babina okinavana,anuran,adults,adult,,brook,,0,wild,swab,23.8535,120.8985,2720,829
TW16366,12/04/2016,TW16_366,Harpist frog Site Sun Moon lake,Babina okinavana,anuran,adults,adult,,brook,,0,wild,swab,23.8535,120.8985,2720,829
TW16367,12/04/2016,TW16_367,Harpist frog Site Sun Moon lake,Babina okinavana,anuran,adults,adult,,brook,,0,wild,swab,23.8535,120.8985,2720,829
TW16368,12/04/2016,TW16_368,Harpist frog Site Sun Moon lake,Babina okinavana,anuran,adults,adult,,brook,,0,wild,swab,23.8535,120.8985,2720,829
TW16369,12/04/2016,TW16_369,Harpist frog Site Sun Moon lake,Babina okinavana,anuran,adults,adult,,brook,,0,wild,swab,23.8535,120.8985,2720,829
TW16370,12/04/2016,TW16_370,Harpist frog Site Sun Moon lake,Limnonectes fujianensis,anuran,adults,adult,,brook,,0,wild,swab,23.8535,120.8985,2720,829
TW16371,12/04/2016,TW16_371,Harpist frog Site Sun Moon lake,Limnonectes fujianensis,anuran,adults,adult,,brook,,0,wild,swab,23.8535,120.8985,2720,829
TW16372,12/04/2016,TW16_372,Harpist frog Site Sun Moon lake,Babina okinavana,anuran,adults,adult,,brook,,0,wild,swab,23.8535,120.8985,2720,829
TW16380,12/04/2016,TW16_380,Harpist frog Site Sun Moon lake,Limnonectes fujianensis,anuran,adults,adult,,brook,,0,wild,swab,23.8535,120.8985,2720,829
TW16381,12/04/2016,TW16_381,Harpist frog Site Sun Moon lake,Babina okinavana,anuran,adults,adult,,brook,,0,wild,swab,23.8535,120.8985,2720,829
TW16382,12/04/2016,TW16_382,Harpist frog Site Sun Moon lake,Kurixalus idiootocus,anuran,adults,adult,,brook,,0,wild,swab,23.8535,120.8985,2720,829
TW16383,12/04/2016,TW16_383,Harpist frog Site Sun Moon lake,Kurixalus idiootocus,anuran,adults,adult,,brook,,0,wild,swab,23.8535,120.8985,2720,829
TW16384,12/04/2016,TW16_384,Harpist frog Site Sun Moon lake,Kurixalus idiootocus,anuran,adults,adult,,brook,,0,wild,swab,23.8535,120.8985,2720,829
TW16385,12/04/2016,TW16_385,Harpist frog Site Sun Moon lake,Kurixalus idiootocus,anuran,adults,adult,,brook,,0,wild,swab,23.8535,120.8985,2720,829
TW16386,12/04/2016,TW16_386,Harpist frog Site Sun Moon lake,Kurixalus idiootocus,anuran,adults,adult,,brook,,0,wild,swab,23.8535,120.8985,2720,829
TW16387,12/04/2016,TW16_387,Harpist frog Site Sun Moon lake,Kurixalus idiootocus,anuran,adults,adult,,brook,,0,wild,swab,23.8535,120.8985,2720,829
TW16388,12/04/2016,TW16_388,Harpist frog Site Sun Moon lake,Kurixalus idiootocus,anuran,adults,adult,,brook,,0,wild,swab,23.8535,120.8985,2720,829
TW16389,12/04/2016,TW16_389,Harpist frog Site Sun Moon lake,Babina okinavana,anuran,adults,adult,,brook,,0,wild,swab,23.8535,120.8985,2720,829
TW16390,12/04/2016,TW16_390,Harpist frog Site Sun Moon lake,Limnonectes fujianensis,anuran,adults,adult,,brook,,0,wild,swab,23.8535,120.8985,2720,829
TW16391,12/04/2016,TW16_391,Harpist frog Site Sun Moon lake,Bufo bankorensis,anuran,adults,adult,,brook,,0,wild,swab,23.8535,120.8985,2720,829
TW16392,12/04/2016,TW16_392,Harpist frog Site Sun Moon lake,Bufo bankorensis,anuran,adults,adult,,brook,,0,wild,swab,23.8535,120.8985,2720,829
TW16393,12/04/2016,TW16_393,Harpist frog Site Sun Moon lake,Bufo bankorensis,anuran,adults,adult,,brook,,0,wild,swab,23.8535,120.8985,2720,829
TW16394,12/04/2016,TW16_394,Harpist frog Site Sun Moon lake,Bufo bankorensis,anuran,adults,adult,,brook,,0,wild,swab,23.8535,120.8985,2720,829
TW16395,12/04/2016,TW16_395,Harpist frog Site Sun Moon lake,Bufo bankorensis,anuran,adults,adult,,brook,,0.064,wild,swab,23.8535,120.8985,2720,829
TW16396,12/04/2016,TW16_396,Harpist frog Site Sun Moon lake,Bufo bankorensis,anuran,adults,adult,,brook,,0,wild,swab,23.8535,120.8985,2720,829
TW16397,12/04/2016,TW16_397,Harpist frog Site Sun Moon lake,Bufo bankorensis,anuran,adults,adult,,brook,,0,wild,swab,23.8535,120.8985,2720,829
TW16398,12/04/2016,TW16_398,Harpist frog Site Sun Moon lake,Bufo bankorensis,anuran,adults,adult,,brook,,0,wild,swab,23.8535,120.8985,2720,829
TW16399,12/04/2016,TW16_399,Harpist frog Site Sun Moon lake,Bufo bankorensis,anuran,adults,adult,,brook,,0,wild,swab,23.8535,120.8985,2720,829
TW16400,12/04/2016,TW16_400,Harpist frog Site Sun Moon lake,Bufo bankorensis,anuran,adults,adult,,brook,,0,wild,swab,23.8535,120.8985,2720,829
TW16401,12/04/2016,TW16_401,Harpist frog Site Sun Moon lake,Bufo bankorensis,anuran,adults,adult,,brook,,0,wild,swab,23.8535,120.8985,2720,829
TW16402,12/04/2016,TW16_402,Harpist frog Site Sun Moon lake,Bufo bankorensis,anuran,adults,adult,,brook,,0,wild,swab,23.8535,120.8985,2720,829
TW16403,12/04/2016,TW16_403,Harpist frog Site Sun Moon lake,Bufo bankorensis,anuran,adults,adult,,brook,,0,wild,swab,23.8535,120.8985,2720,829
TW16404,12/04/2016,TW16_404,Harpist frog Site Sun Moon lake,Bufo bankorensis,anuran,adults,adult,,brook,,0,wild,swab,23.8535,120.8985,2720,829
TW16405,12/04/2016,TW16_405,Harpist frog Site Sun Moon lake,Bufo bankorensis,anuran,adults,adult,,brook,,0,wild,swab,23.8535,120.8985,2720,829
TW16406,12/04/2016,TW16_406,Harpist frog Site Sun Moon lake,Hylarana latouchii,anuran,adults,adult,,brook,,0,wild,swab,23.8535,120.8985,2720,829
TW16407,12/04/2016,TW16_407,Harpist frog Site Sun Moon lake,Babina adenopleura,anuran,adults,adult,,brook,,0,wild,swab,23.8535,120.8985,2720,829
TW16408,12/04/2016,TW16_408,Harpist frog Site Sun Moon lake,Babina adenopleura,anuran,adults,adult,,brook,,0,wild,swab,23.8535,120.8985,2720,829
TW16409,12/04/2016,TW16_409,Harpist frog Site Sun Moon lake,Babina adenopleura,anuran,adults,adult,,brook,,0,wild,swab,23.8535,120.8985,2720,829
TW16410,12/04/2016,TW16_410,Harpist frog Site Sun Moon lake,Babina adenopleura,anuran,adults,adult,,brook,,0,wild,swab,23.8535,120.8985,2720,829
TW16411,12/04/2016,TW16_411,Harpist frog Site Sun Moon lake,Babina adenopleura,anuran,adults,adult,,brook,,0,wild,swab,23.8535,120.8985,2720,829
TW16412,12/04/2016,TW16_412,Harpist frog Site Sun Moon lake,Hylarana latouchii,anuran,adults,adult,,brook,,0,wild,swab,23.8535,120.8985,2720,829
TW16413,12/04/2016,TW16_413,Harpist frog Site Sun Moon lake,Limnonectes fujianensis,anuran,adults,adult,,brook,,0,wild,swab,23.8535,120.8985,2720,829
TW16414,12/04/2016,TW16_414,Harpist frog Site Sun Moon lake,Limnonectes fujianensis,anuran,adults,adult,,brook,,0,wild,swab,23.8535,120.8985,2720,829
TW16415,12/04/2016,TW16_415,Harpist frog Site Sun Moon lake,Limnonectes fujianensis,anuran,adults,adult,,brook,,0,wild,swab,23.8535,120.8985,2720,829
TW16416,12/04/2016,TW16_416,Harpist frog Site Sun Moon lake,Limnonectes fujianensis,anuran,adults,adult,,brook,,0,wild,swab,23.8535,120.8985,2720,829
TW16417,12/04/2016,TW16_417,Harpist frog Site Sun Moon lake,Limnonectes fujianensis,anuran,adults,adult,,brook,,0,wild,swab,23.8535,120.8985,2720,829
TW16418,12/04/2016,TW16_418,Harpist frog Site Sun Moon lake,Limnonectes fujianensis,anuran,adults,adult,,brook,,0,wild,swab,23.8535,120.8985,2720,829
TW16419,12/04/2016,TW16_419,Harpist frog Site Sun Moon lake,Kurixalus idiootocus,anuran,adults,adult,,brook,,0,wild,swab,23.8535,120.8985,2720,829
TW16420,12/04/2016,TW16_420,Harpist frog Site Sun Moon lake,Kurixalus idiootocus,anuran,adults,adult,,brook,,0,wild,swab,23.8535,120.8985,2720,829
TW16421,12/04/2016,TW16_421,Lien Hua Pond (TW7),Babina adenopleura,anuran,tadpoles (OW),tadpole,,pond low,,0,wild,swab,23.9216,120.8864,2228,679
TW16422,12/04/2016,TW16_422,Lien Hua Pond (TW7),Babina adenopleura,anuran,tadpoles (OW),tadpole,,pond low,,0,wild,swab,23.9216,120.8864,2228,679
TW16423,12/04/2016,TW16_423,Lien Hua Pond (TW7),Babina adenopleura,anuran,tadpoles (OW),tadpole,,pond low,,0,wild,swab,23.9216,120.8864,2228,679
TW16424,12/04/2016,TW16_424,Lien Hua Pond (TW7),Babina adenopleura,anuran,tadpoles (OW),tadpole,,pond low,,0,wild,swab,23.9216,120.8864,2228,679
TW16425,12/04/2016,TW16_425,Lien Hua Pond (TW7),Babina adenopleura,anuran,tadpoles (OW),tadpole,,pond low,,0,wild,swab,23.9216,120.8864,2228,679
TW16426,12/04/2016,TW16_426,Lien Hua Pond (TW7),Babina adenopleura,anuran,tadpoles (OW),tadpole,,pond low,,0,wild,swab,23.9216,120.8864,2228,679
TW16427,12/04/2016,TW16_427,Lien Hua Pond (TW7),Babina adenopleura,anuran,tadpoles (OW),tadpole,,pond low,,0,wild,swab,23.9216,120.8864,2228,679
TW16428,12/04/2016,TW16_428,Lien Hua Pond (TW7),Babina adenopleura,anuran,tadpoles (OW),tadpole,,pond low,,0,wild,swab,23.9216,120.8864,2228,679
TW16429,13/04/2016,TW16_429,Lien Hua Pond (TW7),Babina adenopleura,anuran,tadpoles (OW),tadpole,,pond low,,0,wild,swab,23.9216,120.8864,2228,679
TW16430,13/04/2016,TW16_430,Lien Hua Pond (TW7),Babina adenopleura,anuran,tadpoles (OW),tadpole,,pond low,,0,wild,swab,23.9216,120.8864,2228,679
TW16431,13/04/2016,TW16_431,Lien Hua Pond (TW7),Babina adenopleura,anuran,tadpoles (OW),tadpole,,pond low,,0,wild,swab,23.9216,120.8864,2228,679
TW16432,13/04/2016,TW16_432,Lien Hua Pond (TW7),Babina adenopleura,anuran,tadpoles (OW),tadpole,,pond low,,0,wild,swab,23.9216,120.8864,2228,679
TW16433,13/04/2016,TW16_433,Lien Hua Pond (TW7),Babina adenopleura,anuran,tadpoles (OW),tadpole,,pond low,,0,wild,swab,23.9216,120.8864,2228,679
TW16434,13/04/2016,TW16_434,Lien Hua Pond (TW7),Babina adenopleura,anuran,tadpoles (OW),tadpole,,pond low,,0,wild,swab,23.9216,120.8864,2228,679
TW16435,13/04/2016,TW16_435,Lien Hua Pond (TW7),Babina adenopleura,anuran,tadpoles (OW),tadpole,,pond low,,0,wild,swab,23.9216,120.8864,2228,679
TW16436,13/04/2016,TW16_436,Lien Hua Pond (TW7),Babina adenopleura,anuran,tadpoles (OW),tadpole,,pond low,,0,wild,swab,23.9216,120.8864,2228,679
TW16437,13/04/2016,TW16_437,Lien Hua Pond (TW7),Babina adenopleura,anuran,tadpoles (OW),tadpole,,pond low,,0,wild,swab,23.9216,120.8864,2228,679
TW16438,13/04/2016,TW16_438,Lien Hua Pond (TW7),Babina adenopleura,anuran,tadpoles (OW),tadpole,,pond low,,0,wild,swab,23.9216,120.8864,2228,679
TW16439,13/04/2016,TW16_439,Lien Hua Pond (TW7),Babina adenopleura,anuran,tadpoles (OW),tadpole,,pond low,,0,wild,swab,23.9216,120.8864,2228,679
TW16440,13/04/2016,TW16_440,Lien Hua Pond (TW7),Babina adenopleura,anuran,tadpoles (OW),tadpole,,pond low,,0,wild,swab,23.9216,120.8864,2228,679
TW16441,13/04/2016,TW16_441,Lien Hua Pond (TW7),Babina adenopleura,anuran,tadpoles (YOY),tadpole,,pond low,,0,wild,swab,23.9216,120.8864,2228,679
TW16442,13/04/2016,TW16_442,Lien Hua Pond (TW7),Babina adenopleura,anuran,tadpoles (YOY),tadpole,,pond low,,0,wild,swab,23.9216,120.8864,2228,679
TW16443,13/04/2016,TW16_443,Lien Hua Pond (TW7),Babina adenopleura,anuran,tadpoles (YOY),tadpole,,pond low,,0,wild,swab,23.9216,120.8864,2228,679
TW16444,13/04/2016,TW16_444,Lien Hua Pond (TW7),Babina adenopleura,anuran,tadpoles (YOY),tadpole,,pond low,,0,wild,swab,23.9216,120.8864,2228,679
TW16445,13/04/2016,TW16_445,Lien Hua Pond (TW7),Babina adenopleura,anuran,tadpoles (YOY),tadpole,,pond low,,0,wild,swab,23.9216,120.8864,2228,679
TW16446,13/04/2016,TW16_446,Lien Hua Pond (TW7),Babina adenopleura,anuran,tadpoles (YOY),tadpole,,pond low,,0,wild,swab,23.9216,120.8864,2228,679
TW16447,13/04/2016,TW16_447,Lien Hua Pond (TW7),Babina adenopleura,anuran,tadpoles (YOY),tadpole,,pond low,,0,wild,swab,23.9216,120.8864,2228,679
TW16448,13/04/2016,TW16_448,Lien Hua Pond (TW7),Babina adenopleura,anuran,tadpoles (YOY),tadpole,,pond low,,0,wild,swab,23.9216,120.8864,2228,679
TW16449,13/04/2016,TW16_449,Lien Hua Pond (TW7),Babina adenopleura,anuran,tadpoles (YOY),tadpole,,pond low,,0,wild,swab,23.9216,120.8864,2228,679
TW16450,13/04/2016,TW16_450,Lien Hua Pond (TW7),Babina adenopleura,anuran,tadpoles (YOY),tadpole,,pond low,,0,wild,swab,23.9216,120.8864,2228,679
TW16451,13/04/2016,TW16_451,Lien Hua Pond (TW7),Babina adenopleura,anuran,tadpoles (YOY),tadpole,,pond low,,0,wild,swab,23.9216,120.8864,2228,679
TW16452,13/04/2016,TW16_452,Lien Hua Pond (TW7),Babina adenopleura,anuran,tadpoles (YOY),tadpole,,pond low,,0,wild,swab,23.9216,120.8864,2228,679
TW16453,13/04/2016,TW16_453,Lien Hua Pond (TW7),Babina adenopleura,anuran,tadpoles (YOY),tadpole,,pond low,,0,wild,swab,23.9216,120.8864,2228,679
TW16454,13/04/2016,TW16_454,Lien Hua Pond (TW7),Babina adenopleura,anuran,tadpoles (YOY),tadpole,,pond low,,0,wild,swab,23.9216,120.8864,2228,679
TW16455,13/04/2016,TW16_455,Lien Hua Pond (TW7),Babina adenopleura,anuran,tadpoles (YOY),tadpole,,pond low,,0,wild,swab,23.9216,120.8864,2228,679
TW16456,13/04/2016,TW16_456,Lien Hua Pond (TW7),Hylarana latouchii,anuran,adults,adult,,pond upper,,0,wild,swab,23.9188,120.8827,2369,722
TW16457,13/04/2016,TW16_457,Lien Hua Pond (TW7),Hylarana latouchii,anuran,adults,adult,,pond upper,,0.098,wild,swab,23.9188,120.8827,2369,722
TW16458,13/04/2016,TW16_458,Lien Hua Pond (TW7),Hylarana latouchii,anuran,adults,adult,,pond upper,,0,wild,swab,23.9188,120.8827,2369,722
TW16459,13/04/2016,TW16_459,Lien Hua Pond (TW7),Hylarana latouchii,anuran,adults,adult,,pond upper,,0.034,wild,swab,23.9188,120.8827,2369,722
TW16460,13/04/2016,TW16_460,Lien Hua Pond (TW7),Hylarana latouchii,anuran,adults,adult,,pond upper,,0.049,wild,swab,23.9188,120.8827,2369,722
TW16461,13/04/2016,TW16_461,Lien Hua Pond (TW7),Hylarana latouchii,anuran,adults,adult,,pond upper,,0.026,wild,swab,23.9188,120.8827,2369,722
TW16462,13/04/2016,TW16_462,Lien Hua Pond (TW7),Hylarana latouchii,anuran,adults,adult,,pond upper,,0,wild,swab,23.9188,120.8827,2369,722
TW16463,13/04/2016,TW16_463,Lien Hua Pond (TW7),Hylarana latouchii,anuran,adults,adult,,pond upper,,0,wild,swab,23.9188,120.8827,2369,722
TW16464,13/04/2016,TW16_464,Lien Hua Pond (TW7),Hylarana latouchii,anuran,adults,adult,,pond upper,,0.37,wild,swab,23.9188,120.8827,2369,722
TW16465,13/04/2016,TW16_465,Lien Hua Pond (TW7),Hylarana latouchii,anuran,adults,adult,,pond upper,,0.066,wild,swab,23.9188,120.8827,2369,722
TW16466,13/04/2016,TW16_466,Lien Hua Pond (TW7),Babina adenopleura,anuran,adults,adult,,pond upper,,0,wild,swab,23.9188,120.8827,2369,722
TW16467,13/04/2016,TW16_467,Lien Hua Pond (TW7),Babina adenopleura,anuran,adults,adult,,pond upper,,0.18,wild,swab,23.9188,120.8827,2369,722
TW16468,13/04/2016,TW16_468,Lien Hua Pond (TW7),Babina adenopleura,anuran,adults,adult,,pond upper,,0,wild,swab,23.9188,120.8827,2369,722
TW16469,13/04/2016,TW16_469,Lien Hua Pond (TW7),Babina adenopleura,anuran,adults,adult,,pond upper,,0,wild,swab,23.9188,120.8827,2369,722
TW16470,13/04/2016,TW16_470,Lien Hua Pond (TW7),Babina adenopleura,anuran,adults,adult,,pond upper,,0,wild,swab,23.9188,120.8827,2369,722
TW16471,13/04/2016,TW16_471,Lien Hua Pond (TW7),Babina adenopleura,anuran,adults,adult,,pond upper,,0,wild,swab,23.9188,120.8827,2369,722
TW16472,13/04/2016,TW16_472,Lien Hua Pond (TW7),Babina adenopleura,anuran,adults,adult,,pond upper,,0,wild,swab,23.9188,120.8827,2369,722
TW16473,13/04/2016,TW16_473,Lien Hua Pond (TW7),Babina adenopleura,anuran,adults,adult,,pond upper,,0,wild,swab,23.9188,120.8827,2369,722
TW16474,13/04/2016,TW16_474,Lien Hua Pond (TW7),Babina adenopleura,anuran,adults,adult,,pond upper,,0,wild,swab,23.9188,120.8827,2369,722
TW16475,13/04/2016,TW16_475,Lien Hua Pond (TW7),Babina adenopleura,anuran,adults,adult,,pond upper,,0,wild,swab,23.9188,120.8827,2369,722
TW16476,13/04/2016,TW16_476,Lien Hua Pond (TW7),Babina adenopleura,anuran,adults,adult,,pond upper,,0,wild,swab,23.9188,120.8827,2369,722
TW16477,13/04/2016,TW16_477,Lien Hua Pond (TW7),Babina adenopleura,anuran,adults,adult,,pond upper,,0,wild,swab,23.9188,120.8827,2369,722
TW16478,13/04/2016,TW16_478,Lien Hua Pond (TW7),Babina adenopleura,anuran,adults,adult,,pond upper,,0,wild,swab,23.9188,120.8827,2369,722
TW16479,13/04/2016,TW16_479,Lien Hua Pond (TW7),Babina adenopleura,anuran,adults,adult,,pond upper,,0,wild,swab,23.9188,120.8827,2369,722
TW16480,13/04/2016,TW16_480,Lien Hua Pond (TW7),Babina adenopleura,anuran,adults,adult,,pond upper,,0,wild,swab,23.9188,120.8827,2369,722
TW16481,13/04/2016,TW16_481,Lien Hua Pond (TW7),Babina adenopleura,anuran,adults,adult,,pond upper,,0,wild,swab,23.9188,120.8827,2369,722
TW16482,13/04/2016,TW16_482,Lien Hua Pond (TW7),Babina adenopleura,anuran,adults,adult,,pond upper,,0,wild,swab,23.9188,120.8827,2369,722
TW16483,13/04/2016,TW16_483,Lien Hua Pond (TW7),Babina adenopleura,anuran,adults,adult,,pond upper,,0,wild,swab,23.9188,120.8827,2369,722
TW16484,13/04/2016,TW16_484,Lien Hua Pond (TW7),Babina adenopleura,anuran,adults,adult,,pond upper,,0,wild,swab,23.9188,120.8827,2369,722
TW16485,13/04/2016,TW16_485,Lien Hua Pond (TW7),Bufo bankorensis,anuran,adults,adult,,pond upper,,0,wild,swab,23.9188,120.8827,2369,722
TW16486,13/04/2016,TW16_486,Lien Hua Pond (TW7),Bufo bankorensis,anuran,adults,adult,,pond upper,,0.026,wild,swab,23.9188,120.8827,2369,722
TW16487,13/04/2016,TW16_487,Lien Hua Pond (TW7),Bufo bankorensis,anuran,adults,adult,,pond upper,,0,wild,swab,23.9188,120.8827,2369,722
TW16488,13/04/2016,TW16_488,Lien Hua Pond (TW7),Duttaphyrus melanotrictus,anuran,adults,adult,,pond upper,,0.081,wild,swab,23.9188,120.8827,2369,722
TW16489,13/04/2016,TW16_489,Lien Hua Pond (TW7),Kurixalus idiootocus,anuran,adults,adult,,pond upper,,0,wild,swab,23.9188,120.8827,2369,722
TW16490,13/04/2016,TW16_490,Lien Hua Pond (TW7),Polypedates braueri,anuran,adults,adult,,pond upper,,0,wild,swab,23.9188,120.8827,2369,722
TW16491,13/04/2016,TW16_491,Lien Hua Pond (TW7),Polypedates braueri,anuran,adults,adult,,pond upper,,0,wild,swab,23.9188,120.8827,2369,722
TW16492,13/04/2016,TW16_492,Lien Hua Pond (TW7),Microhyla heymonsi,anuran,adults,adult,,pond upper,,0,wild,swab,23.9188,120.8827,2369,722
TW16493,13/04/2016,TW16_493,Lien Hua Pond (TW7),Kurixalus idiootocus,anuran,adults,adult,,pond upper,,0.023,wild,swab,23.9188,120.8827,2369,722
TW16494,13/04/2016,TW16_494,Lien Hua Pond (TW7),Babina adenopleura,anuran,adults,adult,,pond low,,0,wild,swab,23.9216,120.8864,2228,679
TW16495,13/04/2016,TW16_495,Lien Hua Pond (TW7),Babina adenopleura,anuran,adults,adult,,pond low,,0,wild,swab,23.9216,120.8864,2228,679
TW16495c,13/04/2016,TW16_495,Lien Hua Pond (TW7),Babina adenopleura,anuran,adults,adult,,pond low,,0,wild,culture,23.9216,120.8864,2228,679
TW16496,13/04/2016,TW16_496,Lien Hua Pond (TW7),Babina adenopleura,anuran,adults,adult,,pond low,,0,wild,swab,23.9216,120.8864,2228,679
TW16497,13/04/2016,TW16_497,Lien Hua Pond (TW7),Babina adenopleura,anuran,adults,adult,,pond low,,0,wild,swab,23.9216,120.8864,2228,679
TW16498,13/04/2016,TW16_498,Lien Hua Pond (TW7),Babina adenopleura,anuran,adults,adult,,pond low,,0,wild,swab,23.9216,120.8864,2228,679
TW16499,13/04/2016,TW16_499,Lien Hua Pond (TW7),Babina adenopleura,anuran,adults,adult,,pond low,,0,wild,swab,23.9216,120.8864,2228,679
TW16500,13/04/2016,TW16_500,Lien Hua Pond (TW7),Babina adenopleura,anuran,adults,adult,,pond low,,0,wild,swab,23.9216,120.8864,2228,679
TW16501,13/04/2016,TW16_501,Lien Hua Pond (TW7),Babina adenopleura,anuran,adults,adult,,pond low,,0,wild,swab,23.9216,120.8864,2228,679
TW16502,13/04/2016,TW16_502,Lien Hua Pond (TW7),Babina adenopleura,anuran,adults,adult,,pond low,,0,wild,swab,23.9216,120.8864,2228,679
TW16503,13/04/2016,TW16_503,Lien Hua Pond (TW7),Babina adenopleura,anuran,adults,adult,,pond low,,0,wild,swab,23.9216,120.8864,2228,679
TW16504,13/04/2016,TW16_504,Lien Hua Pond (TW7),Babina adenopleura,anuran,adults,adult,,pond low,,0,wild,swab,23.9216,120.8864,2228,679
TW16505,13/04/2016,TW16_505,Lien Hua Pond (TW7),Babina adenopleura,anuran,adults,adult,,pond low,,0,wild,swab,23.9216,120.8864,2228,679
TW16506,13/04/2016,TW16_506,Lien Hua Pond (TW7),Babina adenopleura,anuran,adults,adult,,pond low,,0,wild,swab,23.9216,120.8864,2228,679
TW16507,13/04/2016,TW16_507,Lien Hua Pond (TW7),Babina adenopleura,anuran,adults,adult,,pond low,,0,wild,swab,23.9216,120.8864,2228,679
TW16508,13/04/2016,TW16_508,Lien Hua Pond (TW7),Babina adenopleura,anuran,adults,adult,,pond low,,0,wild,swab,23.9216,120.8864,2228,679
TW16509,13/04/2016,TW16_509,Lien Hua Pond (TW7),Babina adenopleura,anuran,adults,adult,,pond low,,0,wild,swab,23.9216,120.8864,2228,679
TW16510,13/04/2016,TW16_510,Lien Hua Pond (TW7),Babina adenopleura,anuran,adults,adult,,pond low,,0,wild,swab,23.9216,120.8864,2228,679
TW16511,13/04/2016,TW16_511,Lien Hua Pond (TW7),Babina adenopleura,anuran,adults,adult,,pond low,,0,wild,swab,23.9216,120.8864,2228,679
TW16512,13/04/2016,TW16_512,Lien Hua Pond (TW7),Hylarana latouchii,anuran,adults,adult,,pond low,,0,wild,swab,23.9216,120.8864,2228,679
TW16513,13/04/2016,TW16_513,Lien Hua Pond (TW7),Hylarana latouchii,anuran,adults,adult,,pond low,,0,wild,swab,23.9216,120.8864,2228,679
TW16514,13/04/2016,TW16_514,Lien Hua Pond (TW7),Hylarana latouchii,anuran,adults,adult,,pond low,,0,wild,swab,23.9216,120.8864,2228,679
TW16515,13/04/2016,TW16_515,Lien Hua Pond (TW7),Hylarana latouchii,anuran,adults,adult,,pond low,,0,wild,swab,23.9216,120.8864,2228,679
TW16516,13/04/2016,TW16_516,Lien Hua Pond (TW7),Hylarana latouchii,anuran,adults,adult,,pond low,,0,wild,swab,23.9216,120.8864,2228,679
TW16517,13/04/2016,TW16_517,Lien Hua Pond (TW7),Hylarana latouchii,anuran,adults,adult,,pond low,,0,wild,swab,23.9216,120.8864,2228,679
TW16518,13/04/2016,TW16_518,Lien Hua Pond (TW7),Hylarana latouchii,anuran,adults,adult,,pond low,,0,wild,swab,23.9216,120.8864,2228,679
TW16519,13/04/2016,TW16_519,Lien Hua Pond (TW7),Hylarana latouchii,anuran,adults,adult,,pond low,,0.027,wild,swab,23.9216,120.8864,2228,679
TW16519c,13/04/2016,TW16_519,Lien Hua Pond (TW7),Hylarana latouchii,anuran,adults,adult,,pond low,,0.027,wild,culture,23.9216,120.8864,2228,679
TW16520,13/04/2016,TW16_520,Lien Hua Pond (TW7),Hylarana latouchii,anuran,adults,adult,,pond low,,0,wild,swab,23.9216,120.8864,2228,679
TW16521,13/04/2016,TW16_521,Lien Hua Pond (TW7),Hylarana latouchii,anuran,adults,adult,,pond low,,0,wild,swab,23.9216,120.8864,2228,679
TW16522,13/04/2016,TW16_522,Lien Hua Pond (TW7),Polypedates braueri,anuran,adults,adult,,pond low,,0,wild,swab,23.9216,120.8864,2228,679
TW16523,13/04/2016,TW16_523,Lien Hua Pond (TW7),Polypedates braueri,anuran,adults,adult,,pond low,,0,wild,swab,23.9216,120.8864,2228,679
TW16524,13/04/2016,TW16_524,Lien Hua Pond (TW7),Limnonectes fujianensis,anuran,adults,adult,,pond low,,0,wild,swab,23.9216,120.8864,2228,679
TW16525,13/04/2016,TW16_525,Lien Hua Pond (TW7),Limnonectes fujianensis,anuran,adults,adult,,pond low,,0,wild,swab,23.9216,120.8864,2228,679
TW16526,13/04/2016,TW16_526,Lien Hua Pond (TW7),Limnonectes fujianensis,anuran,adults,adult,,pond low,,0,wild,swab,23.9216,120.8864,2228,679
TW16527,13/04/2016,TW16_527,Lien Hua Pond (TW7),Limnonectes fujianensis,anuran,adults,adult,,pond low,,0,wild,swab,23.9216,120.8864,2228,679
TW16528,13/04/2016,TW16_528,Lien Hua Pond (TW7),Limnonectes fujianensis,anuran,adults,adult,,pond low,,0,wild,swab,23.9216,120.8864,2228,679
TW16529,13/04/2016,TW16_529,Lien Hua Pond (TW7),Limnonectes fujianensis,anuran,adults,adult,,pond low,,0,wild,swab,23.9216,120.8864,2228,679
TW16530,13/04/2016,TW16_530,Lien Hua Pond (TW7),Limnonectes fujianensis,anuran,adults,adult,,pond low,,0,wild,swab,23.9216,120.8864,2228,679
TW16531,13/04/2016,TW16_531,Lien Hua Pond (TW7),Limnonectes fujianensis,anuran,adults,adult,,pond low,,0,wild,swab,23.9216,120.8864,2228,679
TW16532,13/04/2016,TW16_532,Lien Hua Pond (TW7),Limnonectes fujianensis,anuran,adults,adult,,pond low,,0,wild,swab,23.9216,120.8864,2228,679
TW16533,13/04/2016,TW16_533,Lien Hua Pond (TW7),Limnonectes fujianensis,anuran,adults,adult,,pond low,,0.027,wild,swab,23.9216,120.8864,2228,679
TW16534,13/04/2016,TW16_534,Lien Hua Pond (TW7),Limnonectes fujianensis,anuran,adults,adult,,pond low,,0,wild,swab,23.9216,120.8864,2228,679
TW16535,13/04/2016,TW16_535,Lien Hua Pond (TW7),Limnonectes fujianensis,anuran,adults,adult,,pond low,,0,wild,swab,23.9216,120.8864,2228,679
TW16536,13/04/2016,TW16_536,Lien Hua Pond (TW7),Babina okinavana,anuran,adults,adult,,pond low,,0,wild,swab,23.9216,120.8864,2228,679
TW16537,13/04/2016,TW16_537,Lien Hua Pond (TW7),Babina okinavana,anuran,adults,adult,,pond low,,0,wild,swab,23.9216,120.8864,2228,679
TW16538,13/04/2016,TW16_538,Lien Hua Pond (TW7),Babina okinavana,anuran,adults,adult,,pond low,,0,wild,swab,23.9216,120.8864,2228,679
TW16539,13/04/2016,TW16_539,Lien Hua Pond (TW7),Babina okinavana,anuran,adults,adult,,pond low,,0,wild,swab,23.9216,120.8864,2228,679
TW16540,13/04/2016,TW16_540,Lien Hua Pond (TW7),Babina okinavana,anuran,adults,adult,,pond low,,0,wild,swab,23.9216,120.8864,2228,679
TW16541,13/04/2016,TW16_541,Lien Hua Pond (TW7),Babina okinavana,anuran,adults,adult,,pond low,,0,wild,swab,23.9216,120.8864,2228,679
TW16542,13/04/2016,TW16_542,Lien Hua Pond (TW7),Babina okinavana,anuran,adults,adult,,pond low,,0,wild,swab,23.9216,120.8864,2228,679
TW16543,13/04/2016,TW16_543,Lien Hua Pond (TW7),Babina okinavana,anuran,adults,adult,,pond low,,0,wild,swab,23.9216,120.8864,2228,679
TW16544,13/04/2016,TW16_544,Lien Hua Pond (TW7),Babina okinavana,anuran,adults,adult,,pond low,,0,wild,swab,23.9216,120.8864,2228,679
TW16545,13/04/2016,TW16_545,Lien Hua Pond (TW7),Babina okinavana,anuran,adults,adult,,pond low,,0,wild,swab,23.9216,120.8864,2228,679
TW16546,13/04/2016,TW16_546,Lien Hua Pond (TW7),Babina okinavana,anuran,adults,adult,,pond low,,0,wild,swab,23.9216,120.8864,2228,679
TW16547,13/04/2016,TW16_547,Lien Hua Pond (TW7),Babina okinavana,anuran,adults,adult,,pond low,,0,wild,swab,23.9216,120.8864,2228,679
TW16548,13/04/2016,TW16_548,Lien Hua Pond (TW7),Babina okinavana,anuran,adults,adult,,pond low,,0.021,wild,swab,23.9216,120.8864,2228,679
TW16549,13/04/2016,TW16_549,Lien Hua Pond (TW7),Kurixalus idiootocus,anuran,adults,adult,,pond low,,0,wild,swab,23.9216,120.8864,2228,679
TW16550,13/04/2016,TW16_550,Lien Hua Pond (TW7),Buergeria japonica,anuran,adults,adult,,pond low,,0,wild,swab,23.9216,120.8864,2228,679
TW16551,13/04/2016,TW16_551,Lien Hua Pond (TW7),Microhyla heymonsi,anuran,adults,adult,,pond low,,0,wild,swab,23.9216,120.8864,2228,679
TW16552,13/04/2016,TW16_552,Lien Hua Pond (TW7),Microhyla heymonsi,anuran,adults,adult,,pond low,,0,wild,swab,23.9216,120.8864,2228,679
TW16553,13/04/2016,TW16_553,Lien Hua Pond (TW7),Microhyla heymonsi,anuran,adults,adult,,pond low,,0,wild,swab,23.9216,120.8864,2228,679
TW16554,13/04/2016,TW16_554,Lien Hua Pond (TW7),Microhyla heymonsi,anuran,adults,adult,,pond low,,0,wild,swab,23.9216,120.8864,2228,679
TW16555,13/04/2016,TW16_555,Lien Hua Pond (TW7),Microhyla heymonsi,anuran,adults,adult,,pond low,,0,wild,swab,23.9216,120.8864,2228,679
TW16556,13/04/2016,TW16_556,Lien Hua Pond (TW7),Microhyla butleri,anuran,adults,adult,,pond low,,0,wild,swab,23.9216,120.8864,2228,679
TW16557,13/04/2016,TW16_557,Lien Hua Pond (TW7),Bufo bankorensis,anuran,adults,adult,,pond low,,0,wild,swab,23.9216,120.8864,2228,679
TW16558,13/04/2016,TW16_558,Lien Hua Pond (TW7),Bufo bankorensis,anuran,adults,adult,,pond low,,0,wild,swab,23.9216,120.8864,2228,679
TW16559,13/04/2016,TW16_559,Lien Hua Pond (TW7),Bufo bankorensis,anuran,adults,adult,,pond low,,0,wild,swab,23.9216,120.8864,2228,679
TW16560,13/04/2016,TW16_560,Lien Hua Pond (TW7),Bufo bankorensis,anuran,adults,adult,,pond low,,0,wild,swab,23.9216,120.8864,2228,679
TW16561,13/04/2016,TW16_561,Lien Hua Pond (TW7),Bufo bankorensis,anuran,adults,adult,,pond low,,0,wild,swab,23.9216,120.8864,2228,679
TW16562,13/04/2016,TW16_562,Lien Hua Pond (TW7),Bufo bankorensis,anuran,adults,adult,,pond low,,0,wild,swab,23.9216,120.8864,2228,679
TW16563,12/04/2016,TW16_563,University Pond NTU,Bufo bankorensis,anuran,tadpoles,tadpole,,pond,,0,wild,swab,25.0161,121.5398,49,15
TW16564,12/04/2016,TW16_564,University Pond NTU,Bufo bankorensis,anuran,tadpoles,tadpole,,pond,,0,wild,swab,25.0161,121.5398,49,15
TW16565,12/04/2016,TW16_565,University Pond NTU,Bufo bankorensis,anuran,tadpoles,tadpole,,pond,,0,wild,swab,25.0161,121.5398,49,15
TW16566,12/04/2016,TW16_566,University Pond NTU,Bufo bankorensis,anuran,tadpoles,tadpole,,pond,,0,wild,swab,25.0161,121.5398,49,15
TW16567,12/04/2016,TW16_567,University Pond NTU,Bufo bankorensis,anuran,tadpoles,tadpole,,pond,,0,wild,swab,25.0161,121.5398,49,15
TW16568,12/04/2016,TW16_568,University Pond NTU,Bufo bankorensis,anuran,tadpoles,tadpole,,pond,,0,wild,swab,25.0161,121.5398,49,15
TW16569,12/04/2016,TW16_569,University Pond NTU,Bufo bankorensis,anuran,tadpoles,tadpole,,pond,,0,wild,swab,25.0161,121.5398,49,15
TW16570,12/04/2016,TW16_570,University Pond NTU,Bufo bankorensis,anuran,tadpoles,tadpole,,pond,,0,wild,swab,25.0161,121.5398,49,15
TW16571,12/04/2016,TW16_571,University Pond NTU,Bufo bankorensis,anuran,tadpoles,tadpole,,pond,,0,wild,swab,25.0161,121.5398,49,15
TW16572,12/04/2016,TW16_572,University Pond NTU,Bufo bankorensis,anuran,tadpoles,tadpole,,pond,,0,wild,swab,25.0161,121.5398,49,15
TW16573,12/04/2016,TW16_573,University Pond NTU,Bufo bankorensis,anuran,tadpoles,tadpole,,pond,,0,wild,swab,25.0161,121.5398,49,15
TW16574,12/04/2016,TW16_574,University Pond NTU,Bufo bankorensis,anuran,tadpoles,tadpole,,pond,,0,wild,swab,25.0161,121.5398,49,15
TW16575,12/04/2016,TW16_575,University Pond NTU,Bufo bankorensis,anuran,tadpoles,tadpole,,pond,,0,wild,swab,25.0161,121.5398,49,15
TW16576,12/04/2016,TW16_576,University Pond NTU,Bufo bankorensis,anuran,tadpoles,tadpole,,pond,,0,wild,swab,25.0161,121.5398,49,15
TW16577,12/04/2016,TW16_577,University Pond NTU,Bufo bankorensis,anuran,tadpoles,tadpole,,pond,,0,wild,swab,25.0161,121.5398,49,15
TW16578,12/04/2016,TW16_578,University Pond NTU,Bufo bankorensis,anuran,tadpoles,tadpole,,pond,,0,wild,swab,25.0161,121.5398,49,15
TW16579,12/04/2016,TW16_579,University Pond NTU,Bufo bankorensis,anuran,tadpoles,tadpole,,pond,,0,wild,swab,25.0161,121.5398,49,15
TW16580,12/04/2016,TW16_580,University Pond NTU,Bufo bankorensis,anuran,tadpoles,tadpole,,pond,,0,wild,swab,25.0161,121.5398,49,15
TW16581,12/04/2016,TW16_581,University Pond NTU,Bufo bankorensis,anuran,tadpoles,tadpole,,pond,,0,wild,swab,25.0161,121.5398,49,15
TW16582,12/04/2016,TW16_582,University Pond NTU,Bufo bankorensis,anuran,tadpoles,tadpole,,pond,,0,wild,swab,25.0161,121.5398,49,15
TW16583,12/04/2016,TW16_583,University Pond NTU,Bufo bankorensis,anuran,tadpoles,tadpole,,pond,,0,wild,swab,25.0161,121.5398,49,15
TW16584,12/04/2016,TW16_584,University Pond NTU,Bufo bankorensis,anuran,tadpoles,tadpole,,pond,,0,wild,swab,25.0161,121.5398,49,15
TW16585,12/04/2016,TW16_585,University Pond NTU,Bufo bankorensis,anuran,tadpoles,tadpole,,pond,,0,wild,swab,25.0161,121.5398,49,15
TW16586,12/04/2016,TW16_586,University Pond NTU,Bufo bankorensis,anuran,tadpoles,tadpole,,pond,,0,wild,swab,25.0161,121.5398,49,15
TW16587,12/04/2016,TW16_587,University Pond NTU,Bufo bankorensis,anuran,tadpoles,tadpole,,pond,,0,wild,swab,25.0161,121.5398,49,15
TW16588,12/04/2016,TW16_588,University Pond NTU,Bufo bankorensis,anuran,tadpoles,tadpole,,pond,,0,wild,swab,25.0161,121.5398,49,15
TW16589,12/04/2016,TW16_589,University Pond NTU,Bufo bankorensis,anuran,tadpoles,tadpole,,pond,,0,wild,swab,25.0161,121.5398,49,15
TW16590,12/04/2016,TW16_590,University Pond NTU,Bufo bankorensis,anuran,tadpoles,tadpole,,pond,,0,wild,swab,25.0161,121.5398,49,15
TW16593,12/04/2016,TW16_593,Yaminshan CCU,Odorana swinhoana,anuran,adults,adult,,wall,,0,wild,swab,25.138117,121.546405,1270,387
TW16594,12/04/2016,TW16_594,Yaminshan CCU,Odorana swinhoana,anuran,adults,adult,,wall,,0,wild,swab,25.138117,121.546405,1270,387
TW16595,12/04/2016,TW16_595,Yaminshan CCU,Odorana swinhoana,anuran,adults,adult,,wall,,0,wild,swab,25.138117,121.546405,1270,387
TW16596,12/04/2016,TW16_596,Yaminshan CCU,Odorana swinhoana,anuran,adults,adult,,wall,,0,wild,swab,25.138117,121.546405,1270,387
TW16597,12/04/2016,TW16_597,Yaminshan CCU,Odorana swinhoana,anuran,adults,adult,,wall,,0,wild,swab,25.138117,121.546405,1270,387
TW16598,12/04/2016,TW16_598,Yaminshan CCU,Odorana swinhoana,anuran,adults,adult,,wall,,0,wild,swab,25.138117,121.546405,1270,387
TW16599,12/04/2016,TW16_599,Yaminshan CCU,Odorana swinhoana,anuran,adults,adult,,wall,,0,wild,swab,25.138117,121.546405,1270,387
TW16600,12/04/2016,TW16_600,Yaminshan CCU,Odorana swinhoana,anuran,adults,adult,,wall,,0,wild,swab,25.138117,121.546405,1270,387
TW16601,12/04/2016,TW16_601,Yaminshan CCU,Odorana swinhoana,anuran,adults,adult,,wall,,0,wild,swab,25.138117,121.546405,1270,387
TW16602,12/04/2016,TW16_602,Yaminshan CCU,Odorana swinhoana,anuran,adults,adult,,wall,,0,wild,swab,25.138117,121.546405,1270,387
TW16603,12/04/2016,TW16_603,Yaminshan CCU,Odorana swinhoana,anuran,adults,adult,,wall,,0,wild,swab,25.138117,121.546405,1270,387
TW16604,13/04/2016,TW16_604,Shenken Taipei,Hylarana latouchii,anuran,adults,adult,,gardens,,0.068,wild,swab,25.0057,121.6027,148,45
TW16605,13/04/2016,TW16_605,Shenken Taipei,Hylarana latouchii,anuran,adults,adult,,gardens,,0,wild,swab,25.0057,121.6027,148,45
TW16606,13/04/2016,TW16_606,Shenken Taipei,Hylarana latouchii,anuran,adults,adult,,gardens,,0,wild,swab,25.0057,121.6027,148,45
TW16607,13/04/2016,TW16_607,Shenken Taipei,Hylarana latouchii,anuran,adults,adult,,gardens,,0,wild,swab,25.0057,121.6027,148,45
TW16608,13/04/2016,TW16_608,Shenken Taipei,Hylarana latouchii,anuran,adults,adult,,gardens,,0,wild,swab,25.0057,121.6027,148,45
TW16609,13/04/2016,TW16_609,Shenken Taipei,Hylarana latouchii,anuran,adults,adult,,gardens,,0,wild,swab,25.0057,121.6027,148,45
TW16610,13/04/2016,TW16_610,Shenken Taipei,Microhyla fissipes,anuran,adults,adult,,gardens,,0,wild,swab,25.0057,121.6027,148,45
TW16611,13/04/2016,TW16_611,Shenken Taipei,Microhyla fissipes,anuran,adults,adult,,gardens,,0,wild,swab,25.0057,121.6027,148,45
TW16612,13/04/2016,TW16_612,Shenken Taipei,Microhyla fissipes,anuran,adults,adult,,gardens,,0,wild,swab,25.0057,121.6027,148,45
TW16613,13/04/2016,TW16_613,Shenken Taipei,Microhyla fissipes,anuran,adults,adult,,gardens,,0,wild,swab,25.0057,121.6027,148,45
TW16614,13/04/2016,TW16_614,Shenken Taipei,Microhyla fissipes,anuran,adults,adult,,gardens,,0,wild,swab,25.0057,121.6027,148,45
TW16615,13/04/2016,TW16_615,Shenken Taipei,Buergeria robusta,anuran,adults,adult,,gardens,,0,wild,swab,25.0057,121.6027,148,45
TW16616,13/04/2016,TW16_616,Shenken Taipei,Buergeria robusta,anuran,adults,adult,,gardens,,0,wild,swab,25.0057,121.6027,148,45
TW16617,13/04/2016,TW16_617,Shenken Taipei,Buergeria robusta,anuran,adults,adult,,gardens,,0,wild,swab,25.0057,121.6027,148,45
TW16620,13/04/2016,TW16_620,Shenken Taipei,Buergeria robusta,anuran,adults,adult,,gardens,,0,wild,swab,25.0057,121.6027,148,45
TW16621,13/04/2016,TW16_621,Shenken Taipei,Buergeria robusta,anuran,adults,adult,,gardens,,0,wild,swab,25.0057,121.6027,148,45
TW16622,13/04/2016,TW16_622,Shenken Taipei,Buergeria robusta,anuran,adults,adult,,gardens,,0,wild,swab,25.0057,121.6027,148,45
TW16623,13/04/2016,TW16_623,Shenken Taipei,Buergeria robusta,anuran,adults,adult,,gardens,,0,wild,swab,25.0057,121.6027,148,45
TW16624,13/04/2016,TW16_624,Shenken Taipei,Buergeria robusta,anuran,adults,adult,,gardens,,0,wild,swab,25.0057,121.6027,148,45
TW16625,13/04/2016,TW16_625,Shenken Taipei,??,anuran,adults,adult,,gardens,,0,wild,swab,25.0057,121.6027,148,45
TW16626,13/04/2016,TW16_626,Shenken Taipei,??,anuran,adults,adult,,gardens,,0,wild,swab,25.0057,121.6027,148,45
TW16627,13/04/2016,TW16_627,Shenken Taipei,Fejervarya limnocharis,anuran,adults,adult,,gardens,,0,wild,swab,25.0057,121.6027,148,45
TW16628,13/04/2016,TW16_628,Shenken Taipei,Fejervarya limnocharis,anuran,adults,adult,,gardens,,0,wild,swab,25.0057,121.6027,148,45
TW16629,13/04/2016,TW16_629,Shenken Taipei,Fejervarya limnocharis,anuran,adults,adult,,gardens,,0,wild,swab,25.0057,121.6027,148,45
TW16630,13/04/2016,TW16_630,Shenken Taipei,Fejervarya limnocharis,anuran,adults,adult,,gardens,,0,wild,swab,25.0057,121.6027,148,45
TW16631,13/04/2016,TW16_631,Shenken Taipei,Fejervarya limnocharis,anuran,adults,adult,,gardens,,0,wild,swab,25.0057,121.6027,148,45
TW16632,13/04/2016,TW16_632,Shenken Taipei,Fejervarya limnocharis,anuran,adults,adult,,gardens,,0,wild,swab,25.0057,121.6027,148,45
TW16633,13/04/2016,TW16_633,Shenken Taipei,Fejervarya limnocharis,anuran,adults,adult,,gardens,,0,wild,swab,25.0057,121.6027,148,45
TW16634,13/04/2016,TW16_634,Shenken Taipei,Fejervarya limnocharis,anuran,adults,adult,,gardens,,0,wild,swab,25.0057,121.6027,148,45
TW16634b,14/04/2016,TW16_634b,Hehuan Snowtraining camp,Hynobius sonani,salamander,adults,adult,,brook,Military place- all salamanders with double swabs,0,wild,swab,24.1426,121.2837,10305,3141
TW16635,13/04/2016,TW16_635,Shenken Taipei,Fejervarya limnocharis,anuran,adults,adult,,gardens,,0,wild,swab,25.0057,121.6027,148,45
TW16635b,14/04/2016,TW16_635b,Hehuan Snowtraining camp,Rana sauteri,anuran,adults,adult,,brook,Military place,0,wild,swab,24.1426,121.2837,10305,3141
TW16636,14/04/2016,TW16_636,Hehuan Snowtraining camp,Rana sauteri,anuran,adults,adult,,brook,Military place,0,wild,swab,24.1426,121.2837,10305,3141
TW16637,14/04/2016,TW16_637,Hehuan Snowtraining camp,Rana sauteri,anuran,adults,adult,,brook,Military place,0,wild,swab,24.1426,121.2837,10305,3141
TW16638,14/04/2016,TW16_638,Hehuan Snowtraining camp,Rana sauteri,anuran,adults,adult,,brook,Military place,0,wild,swab,24.1426,121.2837,10305,3141
TW16639,14/04/2016,TW16_639,Hehuan Snowtraining camp,Hynobius sonani,salamander,adults,adult,,brook,Military place,0,wild,swab,24.1426,121.2837,10305,3141
TW16640,14/04/2016,TW16_640,Hehuan Snowtraining camp,Hynobius sonani,salamander,adults,adult,,brook,Military place,0,wild,swab,24.1426,121.2837,10305,3141
TW16641,14/04/2016,TW16_641,Hehuan Snowtraining camp,Hynobius sonani,salamander,adults,adult,,brook,Military place,0,wild,swab,24.1426,121.2837,10305,3141
TW16642,14/04/2016,TW16_642,Hehuan Snowtraining camp,Rana sauteri,anuran,adults,adult,,brook,Military place,0,wild,swab,24.1426,121.2837,10305,3141
TW16643,16/04/2016,TW16_643,Hehuan Creek Station,Hynobius sonani,salamander,adults,adult,female,brook,Station,0,wild,swab,24.1635,121.2859,9747,2971
TW16644,16/04/2016,TW16_644,Hehuan Creek Station,Hynobius sonani,salamander,adults,adult,female,brook,Station,0,wild,swab,24.1635,121.2859,9747,2971
TW16645,16/04/2016,TW16_645,Hehuan Creek Station,Hynobius sonani,salamander,juvenile,juvenile,,brook,Station,0,wild,swab,24.1635,121.2859,9747,2971
TW16646,16/04/2016,TW16_646,Hehuan Creek Station,Hynobius sonani,salamander,adults,adult,female,brook,Station,0,wild,swab,24.1635,121.2859,9747,2971
TW16647,16/04/2016,TW16_647,Hehuan Creek Station,Hynobius sonani,salamander,adults,adult,female,brook,Station,0,wild,swab,24.1635,121.2859,9747,2971
TW16648,16/04/2016,TW16_648,Hehuan Creek Station,Hynobius sonani,salamander,adults,adult,male,brook,Station- only 3 legs,0,wild,swab,24.1635,121.2859,9747,2971
TW16649,16/04/2016,TW16_649,Hehuan Creek Station,Hynobius sonani,salamander,adults,adult,female,brook,Station,0,wild,swab,24.1635,121.2859,9747,2971
TW16650,16/04/2016,TW16_650,Hehuan Creek Station,Hynobius sonani,salamander,adults,adult,female,brook,Station,0,wild,swab,24.1635,121.2859,9747,2971
TW16651,16/04/2016,TW16_651,Hehuan Creek Station,Hynobius sonani,salamander,adults,adult,female,brook,Station,0,wild,swab,24.1635,121.2859,9747,2971
TW16652,16/04/2016,TW16_652,Hehuan Creek Station,Hynobius sonani,salamander,juvenile,juvenile,,brook,Station,0,wild,swab,24.1635,121.2859,9747,2971
TW16653,16/04/2016,TW16_653,Hehuan Creek Station,Hynobius sonani,salamander,juvenile,juvenile,,brook,Station,0,wild,swab,24.1635,121.2859,9747,2971
TW16654,16/04/2016,TW16_654,Hehuan Creek Station,Hynobius sonani,salamander,adults,adult,,brook,Station,0,wild,swab,24.1635,121.2859,9747,2971
TW16655,16/04/2016,TW16_655,Hehuan Creek Station,Hynobius sonani,salamander,adults,adult,female,brook,Station,0,wild,swab,24.1635,121.2859,9747,2971
TW16656,16/04/2016,TW16_656,Hehuan Creek Station,Hynobius sonani,salamander,adults,adult,male,brook,Station,0,wild,swab,24.1635,121.2859,9747,2971
TW16657,16/04/2016,TW16_657,Hehuan Creek Station,Hynobius sonani,salamander,adults,adult,female,brook,Station,0,wild,swab,24.1635,121.2859,9747,2971
TW16658,16/04/2016,TW16_658,Hehuan Creek Station,Hynobius sonani,salamander,adults,adult,female,brook,Station,0,wild,swab,24.1635,121.2859,9747,2971
TW16659,16/04/2016,TW16_659,Hehuan Creek Station,Hynobius sonani,salamander,adults,adult,female,brook,Station,0,wild,swab,24.1635,121.2859,9747,2971
TW16660,16/04/2016,TW16_660,Hehuan Snowtraining camp,Hynobius sonani,salamander,juvenile,juvenile,,brook,Miliatry place,0,wild,swab,24.1426,121.2837,10305,3141
TW16661,16/04/2016,TW16_661,Dashueshan,Hynobius sonani,salamander,adults,adult,female,Path,close to creek,0,wild,swab,24.1911,121.3140,8474,2583
TW16662,16/04/2016,TW16_662,Dashueshan,Hynobius sonani,salamander,adults,adult,female,Path,close to creek,0,wild,swab,24.1911,121.3140,8474,2583
TW16663,16/04/2016,TW16_663,Dashueshan,Hynobius sonani,salamander,adults,adult,male,Path,close to creek,0,wild,swab,24.1911,121.3140,8474,2583
TW16664,16/04/2016,TW16_664,Dashueshan,Hynobius sonani,salamander,adults,adult,male,Path,close to creek,0,wild,swab,24.1911,121.3140,8474,2583
TW16665,16/04/2016,TW16_665,Dashueshan,Hynobius sonani,salamander,adults,adult,female,Path,close to creek- low righting reflex,0,wild,swab,24.1911,121.3140,8474,2583
TW16666,16/04/2016,TW16_666,Dashueshan,Hynobius sonani,salamander,adults,adult,female,Path,close to creek,0,wild,swab,24.1911,121.3140,8474,2583
TW16667,16/04/2016,TW16_667,Dashueshan,Hynobius sonani,salamander,juvenile,juvenile,,Path,close to creek,0,wild,swab,24.1911,121.3140,8474,2583
TW16668,16/04/2016,TW16_668,Dashueshan,Hynobius sonani,salamander,adults,adult,male,Path,close to creek,0,wild,swab,24.1911,121.3140,8474,2583
TW16669,16/04/2016,TW16_669,Dashueshan,Hynobius sonani,salamander,adults,adult,female,Path,close to creek,0,wild,swab,24.1911,121.3140,8474,2583
TW16670,16/04/2016,TW16_670,Dashueshan,Hynobius sonani,salamander,adults,adult,female,Path,close to creek- marked 3 times,0,wild,swab,24.1911,121.3140,8474,2583
TW16671,16/04/2016,TW16_671,Dashueshan,Hynobius sonani,salamander,juvenile,juvenile,,Path,close to creek,0,wild,swab,24.1911,121.3140,8474,2583
TW16672,16/04/2016,TW16_672,Dashueshan,Hynobius sonani,salamander,adults,adult,female,Path,close to creek,0,wild,swab,24.1911,121.3140,8474,2583
TW16673,16/04/2016,TW16_673,Dashueshan,Hynobius sonani,salamander,adults,adult,female,Path,close to creek,0,wild,swab,24.1911,121.3140,8474,2583
TW16674,16/04/2016,TW16_674,Dashueshan,Hynobius sonani,salamander,adults,adult,male,Path,close to creek,0,wild,swab,24.1911,121.3140,8474,2583
TW16675,16/04/2016,TW16_675,Dashueshan,Hynobius sonani,salamander,adults,adult,male,Path,close to creek,0,wild,swab,24.1911,121.3140,8474,2583
TW16676,16/04/2016,TW16_676,Dashueshan,Hynobius sonani,salamander,adults,adult,female,Path,close to creek,0,wild,swab,24.1911,121.3140,8474,2583
TW16677,16/04/2016,TW16_677,Dashueshan,Hynobius sonani,salamander,adults,adult,female,Path,close to creek,0,wild,swab,24.1911,121.3140,8474,2583
TW16678,16/04/2016,TW16_678,Dashueshan,Hynobius sonani,salamander,adults,adult,male,Path,close to creek,0,wild,swab,24.1911,121.3140,8474,2583
TW16679,17/04/2016,TW16_679,Cui Fen,Hynobius formosa,anuran,adults,adult,female,Path,close to creek,0,wild,swab,24.1236,121.1851,7546,2300
